user_id,material_name,material_type,lang,L1,L2,L3,L4,code,model_score,rank,status,created_at,used_at,new_category
,딸기,ROH1,,농산물,과실류,딸기,,AAFR0040,99.0,1,USED,2025-12-18T13:22:29.291572,2026-03-10T22:04:15.746546,USED
,딸기,ROH1,,농산물,과실류,딸기,,AAFR0040,99.0,1,USED,2025-12-18T13:22:35.984612,2026-03-10T22:04:15.746546,USED
,고춧가루,ROH1,,농산물,고추류,고춧가루,,AACV0080,13.0,1,USED,2025-12-18T13:25:22.284738,2026-03-10T22:04:15.746546,USED
,고춧가루,ROH1,,농산물,고추류,고춧가루,,AACV0080,13.0,1,USED,2025-12-18T13:35:13.120782,2026-03-10T22:04:15.746546,USED
,orange,ROH1,,Agri,Fruits,Orange,,AAFR0280,99.0,1,USED,2025-12-18T13:35:29.708437,2026-03-10T22:04:15.746546,USED
,orange,ROH1,,Agri,Fruits,Orange,,AAFR0280,99.0,1,USED,2025-12-18T13:55:48.167897,2026-03-10T22:04:15.746546,USED
,청양고추장,ROH1,,조미식품,장류,고추장,,CDFM0020,3.09,4,USED,2025-12-19T14:03:17.387374,2026-03-10T22:04:15.746546,USED
,orange,ROH1,,Agri,Fruits,Orange,,AAFR0280,85.0,1,USED,2025-12-19T14:23:51.930066,2026-03-10T22:04:15.746546,USED
,grape,ROH1,,Agri,Fruits,Grape,,AAFR0190,85.0,1,USED,2025-12-19T15:12:27.662477,2026-03-10T22:04:15.746546,USED
,딸기,ROH1,,농산물,과실류,딸기,,AAFR0040,85.0,1,USED,2025-12-23T14:28:20.416430,2026-03-10T22:04:15.746546,
,고구마,ROH1,,농산물,뿌리채소류,고구마,,AARV0030,85.0,1,USED,2025-12-23T14:30:00.835664,2026-03-10T22:04:15.746546,
,고춧가루,ROH1,,농산물,고추류,고춧가루,,AACV0080,26.24,1,USED,2025-12-23T14:30:56.723413,2026-03-10T22:04:15.746546,
,딸기,ROH1,,농산물,과실류,딸기,,AAFR0040,85.0,1,USED,2025-12-23T16:43:41.185056,2026-03-10T22:04:15.746546,
,고사리,ROH1,,농산물,기타농산물,나물류,,AAOT0010,1.49,26,USED,2025-12-24T14:29:47.633992,2026-03-10T22:04:15.746546,
,고사리,ROH1,,농산물,기타농산물,나물류,,AAOT0010,1.49,26,USED,2025-12-24T14:29:54.278972,2026-03-10T22:04:15.746546,
,딸기,ROH1,,농산물,과실류,딸기,,AAFR0040,85.0,1,USED,2025-12-25T14:07:23.564595,2026-03-10T22:04:15.746546,
,고추가루,ROH1,,농산물,고추류,고춧가루,,AACV0080,19.7,12,USED,2025-12-29T15:59:04.047011,2026-03-10T22:04:15.746546,
,고사리,ROH1,,농산물,기타농산물,나물류,,AAOT0010,0.85,1,USED,2025-12-31T13:05:09.044209,2026-03-10T22:04:15.746546,
,고춧가루,ROH1,,농산물,고추류,고춧가루,,AACV0080,0.4978250515088145,1,USED,2025-12-31T13:08:57.662982,2026-03-10T22:04:15.746546,
,orange,ROH1,,Agri,Fruits,Orange,,AAFR0280,0.85,1,USED,2025-12-31T13:09:19.044800,2026-03-10T22:04:15.746546,
,딸기,ROH1,,농산물,과실류,딸기,,AAFR0040,0.85,1,USED,2025-12-31T13:14:00.117415,2026-03-10T22:04:15.746546,
,딸기,ROH1,,,,,,,0.0,0,PROPOSED,2025-12-31T13:14:59.281760,,
,딸기,ROH1,,,,,,,0.0,0,PROPOSED,2025-12-31T13:15:29.439939,,
,고춧가루,ROH1,,농산물,고추류,고춧가루,,AACV0080,0.4978250515088145,1,USED,2025-12-31T13:28:02.009894,2026-03-10T22:04:15.746546,
,고사리,ROH1,,농산물,기타농산물,나물류,,AAOT0010,0.85,1,USED,2025-12-31T13:30:46.056212,2026-03-10T22:04:15.746546,
,딸기,ROH1,,농산물,과실류,딸기,,AAFR0040,0.85,1,USED,2025-12-31T13:33:03.072540,2026-03-10T22:04:15.746546,
,고춧가루,ROH1,,농산물,고추류,고춧가루,,AACV0080,0.4978250515088145,1,USED,2025-12-31T13:33:29.455795,2026-03-10T22:04:15.746546,
,고사리,ROH1,,농산물,기타농산물,나물류,,AAOT0010,0.85,1,USED,2025-12-31T17:56:51.015279,2026-03-10T22:04:15.746546,
,orange,ROH1,,Agri,Fruits,Orange,,AAFR0280,0.85,1,USED,2025-12-31T22:16:24.430010,2026-03-10T22:04:15.746546,
,orange,ROH1,,,,,,,0.0,0,PROPOSED,2025-12-31T22:16:58.574324,,
,orange,ROH1,,,,,,,0.0,0,PROPOSED,2025-12-31T22:24:37.698532,,그린오렌지
,orange,ROH1,,,,,,,0.0,0,PROPOSED,2025-12-31T22:24:44.407897,,그린오렌지
,딸기,ROH1,,농산물,과실류,딸기,,AAFR0040,0.85,1,USED,2026-01-08T17:17:27.329507,2026-03-10T22:04:15.746546,
,고사리,ROH1,,농산물,기타농산물,나물류,,AAOT0010,0.85,1,USED,2026-01-08T19:27:04.396407,2026-03-10T22:04:15.746546,
,참맛고사리/실온/500g,ROH1,,농산물,기타농산물,나물류,,AAOT0010,0.85,1,USED,2026-01-09T17:16:51.346038,2026-03-10T22:04:15.746546,
,고사리/국산/200포대,ROH1,,농산물,기타농산물,나물류,,AAOT0010,0.85,1,USED,2026-01-19T18:19:15.181399,2026-03-10T22:04:15.746546,
,햇반리드필름,ROH2,,플라스틱류,복합필름,리드필름-햇반,,PLMF0060,0.0290268716476877,6,USED,2026-01-21T12:44:12.963800,2026-03-10T22:04:15.746546,
,고사리,ROH1,,농산물,기타농산물,나물류,,AAOT0010,0.85,1,USED,2026-02-11T09:19:53.553765,2026-03-10T22:04:15.746546,
,햇반 리드필름,ROH2,,플라스틱류,복합필름,리드필름-햇반,,PLMF0060,0.0948447625425707,2,USED,2026-02-19T15:43:54.638488,2026-03-10T22:04:15.746546,
,햇반 리드필름,ROH2,,플라스틱류,복합필름,리드필름-햇반,,PLMF0060,0.0948447625425707,2,USED,2026-02-19T15:44:07.541168,2026-03-10T22:04:15.746546,
,고사리,ROH1,,농산물,기타농산물,나물류,,AAOT0010,0.85,1,USED,2026-03-06T09:40:58.959651,2026-03-10T22:04:15.746546,
,가리비,ROH1,,수산물,조개류,가리비,,SSSF0010,0.85,1,USED,2026-03-06T12:44:38.591184,2026-03-10T22:04:15.746546,
,전복,ROH1,,수산물,조개류,전복,,SSSF0030,0.85,1,USED,2026-03-06T12:44:59.027578,2026-03-10T22:04:15.746546,
,다시마,ROH1,,수산물,해조류,다시마,,SSSW0010,0.85,1,USED,2026-03-06T12:45:18.343933,2026-03-10T22:04:15.746546,
,미역,ROH1,,수산물,해조류,미역,,SSSW0020,0.85,1,USED,2026-03-06T12:45:35.534164,2026-03-10T22:04:15.746546,
,톳,ROH1,,수산물,해조류,톳,,SSSW0030,0.85,1,USED,2026-03-06T12:45:46.178384,2026-03-10T22:04:15.746546,
,감태,ROH1,,수산물,해조류,감태,,SSSW0050,0.85,1,USED,2026-03-06T12:49:25.821387,2026-03-10T22:04:15.746546,
,매생이,ROH1,,수산물,해조류,매생이,,SSSW0070,0.85,1,USED,2026-03-06T12:52:44.032991,2026-03-10T22:04:15.746546,
,클로렐라,ROH1,,수산물,해조류,클로렐라,,SSSW0080,0.85,1,USED,2026-03-06T12:52:57.869630,2026-03-10T22:04:15.746546,
,우뭇가사리,ROH1,,수산물,해조류,우뭇가사리,,SSSW0090,0.85,1,USED,2026-03-06T12:53:09.616709,2026-03-10T22:04:15.746546,
,총각무,ROH1,,농산물,무&배추류,무,,AARC0010,0.85,1,USED,2026-03-06T12:54:28.499648,2026-03-10T22:04:15.746546,
,틸라피아,ROH1,,수산물,어류,틸라피아,,SSFS0120,0.85,1,USED,2026-03-06T12:54:45.315291,2026-03-10T22:04:15.746546,
,스피룰리나,ROH1,,수산물,해조류,스피룰리나,,SSSW0100,0.85,1,USED,2026-03-06T12:55:02.692178,2026-03-10T22:04:15.746546,
,HAKE,ROH1,,Seafood,Surimi,Hake,,SSSU0010,0.85,1,USED,2026-03-06T12:55:15.555711,2026-03-10T22:04:15.746546,
,명태연육,ROH1,,수산물,어류,명태,,SSFS0150,0.85,1,USED,2026-03-06T12:55:29.988946,2026-03-10T22:04:15.746546,
,다진마늘,ROH1,,농산물,양념채소류,마늘,,AASV0030,0.85,1,USED,2026-03-06T12:55:32.675772,2026-03-10T22:04:15.746546,
,이또요리,ROH1,,수산물,연육,이또요리,,SSSU0030,0.85,1,USED,2026-03-06T12:55:42.476595,2026-03-10T22:04:15.746546,
,정어리연육,ROH1,,수산물,연육,정어리연육,,SSSU0040,0.85,1,USED,2026-03-06T12:56:02.022151,2026-03-10T22:04:15.746546,
,풀치연육,ROH1,,수산물,연육,풀치연육,,SSSU0050,0.85,1,USED,2026-03-06T12:56:14.165119,2026-03-10T22:04:15.746546,
,흰살생선연육,ROH1,,수산물,연육,흰살생선연육,,SSSU0060,0.85,1,USED,2026-03-06T12:56:24.705583,2026-03-10T22:04:15.746546,
,바지락,ROH1,,수산물,조개류,바지락,,SSSF0020,0.85,1,USED,2026-03-06T12:56:40.363670,2026-03-10T22:04:15.746546,
,참고둥,ROH1,,수산물,조개류,참고둥,,SSSF0040,0.85,1,USED,2026-03-06T12:56:51.470413,2026-03-10T22:04:15.746546,
,청경채,ROH1,,농산물,엽경채류,청경채,,AALV0160,0.85,1,USED,2026-03-06T12:56:57.763739,2026-03-10T22:04:15.746546,
,굴,ROH1,,수산물,조개류,굴,,SSSF0050,0.85,1,USED,2026-03-06T12:57:02.977048,2026-03-10T22:04:15.746546,
,홍합,ROH1,,수산물,조개류,홍합,,SSSF0060,0.85,1,USED,2026-03-06T12:57:14.444349,2026-03-10T22:04:15.746546,
,숙주,ROH1,,,,,,,0.0,0,PROPOSED,2026-03-06T12:57:16.350259,,농산물>기타농산물>나물류
,양배추,ROH1,,농산물,엽경채류,양배추,,AALV0130,0.236989303595761,2,USED,2026-03-06T12:57:17.268807,2026-03-10T22:04:15.746546,
,꼬막,ROH1,,수산물,조개류,꼬막,,SSSF0070,0.85,1,USED,2026-03-06T12:57:25.579326,2026-03-10T22:04:15.746546,
,소라,ROH1,,수산물,조개류,소라,,SSSF0080,0.85,1,USED,2026-03-06T12:57:37.884421,2026-03-10T22:04:15.746546,
,표고버섯,ROH1,,농산물,버섯류,표고버섯,,AAMU0070,0.2289337536443077,3,USED,2026-03-06T12:57:39.737500,2026-03-10T22:04:15.746546,
,콩나물,ROH1,,농산물,기타농산물,나물류,,AAOT0010,0.85,1,USED,2026-03-06T12:57:40.890421,2026-03-10T22:04:15.746546,
,대합,ROH1,,수산물,조개류,대합,,SSSF0090,0.85,1,USED,2026-03-06T12:57:48.180579,2026-03-10T22:04:15.746546,
,키조개,ROH1,,수산물,조개류,키조개,,SSSF0100,0.85,1,USED,2026-03-06T12:57:57.554064,2026-03-10T22:04:15.746546,
,우렁이,ROH1,,수산물,조개류,우렁이,,SSSF0110,0.85,1,USED,2026-03-06T12:58:10.064132,2026-03-10T22:04:15.746546,
,물밤,ROH1,,농산물,뿌리채소류,물밤,,AARV0080,0.85,1,USED,2026-03-06T12:58:28.932485,2026-03-10T22:04:15.746546,
,마카다미아,ROH1,,농산물,견과류,마카다미아,,AANU0090,0.0270156044837345,9,USED,2026-03-06T12:58:54.143306,2026-03-10T22:04:15.746546,
,밀키트수산,ROH1,,수산물,기타수산물,밀키트수산,,SSOT0010,0.0403140120503439,4,USED,2026-03-06T12:58:56.376939,2026-03-10T22:04:15.746546,
,기타수산물,ROH1,,수산물,기타수산물,기타수산물,,SSOT9990,0.2146285738964968,1,USED,2026-03-06T12:59:09.058327,2026-03-10T22:04:15.746546,
,오징어,ROH1,,수산물,연체류,오징어,,SSMO0030,0.85,1,USED,2026-03-06T12:59:21.470681,2026-03-10T22:04:15.746546,
,브라질너트,ROH1,,,,,,,0.0,0,PROPOSED,2026-03-06T12:59:22.580716,,농산물>기타농산물>브라질너트
,낙지,ROH1,,수산물,연체류,낙지,,SSMO0010,0.85,1,USED,2026-03-06T12:59:33.358934,2026-03-10T22:04:15.746546,
,문어,ROH1,,수산물,연체류,문어,,SSMO0020,0.85,1,USED,2026-03-06T12:59:42.651118,2026-03-10T22:04:15.746546,
,주꾸미,ROH1,,수산물,연체류,주꾸미,,SSMO0040,0.85,1,USED,2026-03-06T13:00:05.238964,2026-03-10T22:04:15.746546,
,고스트페퍼,ROH1,,농산물,고추류,기타고추류,,AACV9990,0.0649340049567961,2,USED,2026-03-06T13:00:19.453485,2026-03-10T22:04:15.746546,
,유자엑기스,ROH1,,농산가공식품,과실가공,기타과실가공,,APFR9990,0.0195454918594126,19,USED,2026-03-06T13:01:13.096638,2026-03-10T22:04:15.746546,
,갈치,ROH1,,수산물,어류,갈치,,SSFS0010,0.85,1,USED,2026-03-06T13:01:30.827430,2026-03-10T22:04:15.746546,
,고등어,ROH1,,수산물,어류,고등어,,SSFS0020,0.85,1,USED,2026-03-06T13:01:41.985846,2026-03-10T22:04:15.746546,
,파래,ROH1,,수산물,해조류,파래,,SSSW0060,0.0414797542835966,3,USED,2026-03-06T13:01:55.071687,2026-03-10T22:04:15.746546,
,파래,ROH1,,수산물,해조류,파래,,SSSW0060,0.0414797542835966,3,USED,2026-03-06T13:02:04.750400,2026-03-10T22:04:15.746546,
,파래,ROH1,,수산물,해조류,파래,,SSSW0060,0.0414797542835966,3,USED,2026-03-06T13:02:12.426822,2026-03-10T22:04:15.746546,
,시트,ROH2,,,,,,,0.0,0,PROPOSED,2026-03-06T13:03:45.093606,,플라스틱류>압출필름>파렛트시트
,잉크,ROH2,,기타포장재,기타 포장재,잉크,,OTOT0090,0.1266801113834338,1,USED,2026-03-06T13:04:11.072274,2026-03-10T22:04:15.746546,
,인서트지,ROH2,,플라스틱류,라벨,스티커,,PLLB0030,0.044314009683885,1,USED,2026-03-06T13:04:53.932547,2026-03-10T22:04:15.746546,
,3pc캔,ROH2,,금속류,금속캔,스틸캔,,MECA0010,0.0365917817290393,4,USED,2026-03-06T13:05:25.747939,2026-03-10T22:04:15.746546,
,소프트밴드,ROH2,,기타포장재,기타 포장재,PP밴드,,OTOT0070,0.2195044854379744,1,USED,2026-03-06T13:05:59.662320,2026-03-10T22:04:15.746546,
,대추농축액,ROH1,,농산가공식품,과실가공,과실농축액,,APFR0010,0.12310998484043,3,USED,2026-03-06T13:07:28.801583,2026-03-10T22:04:15.746546,
,튜브롤,ROH2,,플라스틱류,압출필름,압출튜브롤,,PLEF0020,0.0925571115870986,1,USED,2026-03-06T13:08:04.708626,2026-03-10T22:04:15.746546,
,스트레치필름,ROH2,,플라스틱류,기타 플라스틱류,스트레치필름,,PLOT0040,0.0686388626870576,4,USED,2026-03-06T13:08:43.649980,2026-03-10T22:04:15.746546,
,스푼,ROH2,,플라스틱류,기타 플라스틱류,기타 사출품,,PLOT0020,0.0588960848428585,1,USED,2026-03-06T13:09:04.348421,2026-03-10T22:04:15.746546,
,유리병,ROH2,,유리류,병,유리용기,,GLBO0010,0.3529831117733764,1,USED,2026-03-06T13:09:26.604918,2026-03-10T22:04:15.746546,
,라벨,ROH2,,플라스틱류,라벨,일반 라벨,,PLLB0040,0.444259861531039,1,USED,2026-03-06T13:09:50.691618,2026-03-10T22:04:15.746546,
,사출캡,ROH2,,플라스틱류,마개,사출마개,,PLCL0010,0.0617676848062979,1,USED,2026-03-06T13:10:03.669619,2026-03-10T22:04:15.746546,
,TOP필름,ROH2,,플라스틱류,복합필름,TOP,,PLMF0020,0.0493057074614042,2,USED,2026-03-06T13:12:38.159782,2026-03-10T22:04:15.746546,
,셀룰로즈,ROH2,,케이싱,셀룰로즈,셀룰로즈케이싱,,CACE0010,0.5500122084943321,1,USED,2026-03-06T13:13:06.987682,2026-03-10T22:04:15.746546,
,꼬지,ROH2,,기타포장재,기타 포장재,나무(꼬지/칩),,OTOT0080,0.017939561830801,3,USED,2026-03-06T13:14:45.400140,2026-03-10T22:04:15.746546,
,원당,ROH1,,농산가공식품,당류,원당 ,,APSG0010,0.85,1,USED,2026-03-06T13:14:49.623516,2026-03-10T22:04:15.746546,
,우드칩,ROH2,,기타포장재,기타 포장재,나무(꼬지/칩),,OTOT0080,0.0438704330779423,1,USED,2026-03-06T13:14:54.078718,2026-03-10T22:04:15.746546,
,옥수수,ROH1,,농산물,곡물류,옥수수,,AAGR0020,0.85,1,USED,2026-03-06T13:15:06.168844,2026-03-10T22:04:15.746546,
,실리카겔,ROH2,,기타포장재,흡습제,흡습제/실리카겔,,OTDE0010,0.0530170989366405,1,USED,2026-03-06T13:15:09.036188,2026-03-10T22:04:15.746546,
,암모니아,ROH1,,기초소재,광물&무기물,암모니아,,BCMI0010,0.85,1,USED,2026-03-06T13:15:19.503260,2026-03-10T22:04:15.746546,
,염산,ROH1,,기초소재,산류,염산,,BCAC0020,0.85,1,USED,2026-03-06T13:15:32.780937,2026-03-10T22:04:15.746546,
,생강,ROH1,,농산물,양념채소류,생강,,AASV0040,0.85,1,USED,2026-03-06T13:15:33.062188,2026-03-10T22:04:15.746546,
,황산,ROH1,,기초소재,산류,황산,,BCAC0040,0.85,1,USED,2026-03-06T13:15:44.782694,2026-03-10T22:04:15.746546,
,카라기난,ROH1,,첨가물,개선제,증점제&결착제,,FAIM0040,0.0227245223796808,2,USED,2026-03-06T13:15:55.936080,2026-03-10T22:04:15.746546,
,당근 다이스,ROH1,,농산물,뿌리채소류,당근,,AARV0040,0.85,1,USED,2026-03-06T13:15:56.682088,2026-03-10T22:04:15.746546,
,인산,ROH1,,기초소재,산류,인산,,BCAC0010,0.85,1,USED,2026-03-06T13:15:57.427108,2026-03-10T22:04:15.746546,
,양파 슬라이스,ROH1,,농산물,양념채소류,양파,,AASV0050,0.1232268112705167,2,USED,2026-03-06T13:16:19.535480,2026-03-10T22:04:15.746546,
,탈산소제,ROH2,,기타포장재,선도유지제,탈산소제,,OTST0020,0.0980402991690693,1,USED,2026-03-06T13:16:21.464070,2026-03-10T22:04:15.746546,
,소르비톨,ROH1,,농산가공식품,당류,솔비톨,,APSG0070,0.1961663804360433,1,USED,2026-03-06T13:16:35.027832,2026-03-10T22:04:15.746546,
,파우치,ROH2,,플라스틱류,복합필름,파우치,,PLMF0040,0.85,1,USED,2026-03-06T13:16:42.848745,2026-03-10T22:04:15.746546,
,검은콩가루,ROH1,,농산가공식품,두류가공,두류분말,,APBN0030,0.85,1,USED,2026-03-06T13:16:50.946426,2026-03-10T22:04:15.746546,
,스탠딩파우치,ROH2,,플라스틱류,복합필름,파우치,,PLMF0040,0.85,1,USED,2026-03-06T13:16:56.210371,2026-03-10T22:04:15.746546,
,정제소금,ROH1,,조미식품,소금류,정제염,,CDSA0040,0.146222455938077,4,USED,2026-03-06T13:17:05.919419,2026-03-10T22:04:15.746546,
,삼방파우치,ROH2,,플라스틱류,복합필름,파우치,,PLMF0040,0.85,1,USED,2026-03-06T13:17:06.173697,2026-03-10T22:04:15.746546,
,스트래치필름,ROH2,,플라스틱류,기타 플라스틱류,스트레치필름,,PLOT0040,0.0459961751151224,6,USED,2026-03-06T13:17:30.086643,2026-03-10T22:04:15.746546,
,스트레치필름,ROH2,,플라스틱류,기타 플라스틱류,스트레치필름,,PLOT0040,0.0686388626870576,4,USED,2026-03-06T13:17:42.085902,2026-03-10T22:04:15.746546,
,일매지,ROH2,,종이류,가공지,패드/낱매지,,PAPP0030,0.0200572327087815,5,USED,2026-03-06T13:17:52.619984,2026-03-10T22:04:15.746546,
,파렛트패드,ROH2,,종이류,기타 종이류,파렛트패드,,PAOT0020,0.4098221804526155,2,USED,2026-03-06T13:18:04.484118,2026-03-10T22:04:15.746546,
,잡관,ROH2,,금속류,금속캔,스팸캔,,MECA0030,0.0355399494647363,2,USED,2026-03-06T13:18:07.937566,2026-03-10T22:04:15.746546,
,네크밴드,ROH2,,,,,,,0.0,0,PROPOSED,2026-03-06T13:19:02.767018,,플라스틱류>수축필름>네크밴드
,양파다이스,ROH1,,농산물,양념채소류,양파,,AASV0050,0.0810150492413724,5,USED,2026-03-06T13:19:21.852094,2026-03-10T22:04:15.746546,
,양파분말,ROH1,,농산가공식품,양념채소가공,양파분말,,APSV0040,0.2881505210103801,2,USED,2026-03-06T13:19:46.544849,2026-03-10T22:04:15.746546,
,터메릭분말,ROH1,,농산가공식품,양념채소가공,생강분말,,APSV0100,0.0777509226367286,1,USED,2026-03-06T13:20:19.076693,2026-03-10T22:04:15.746546,
,양상추,ROH1,,농산물,엽경채류,양상추,,AALV0140,0.85,1,USED,2026-03-06T13:20:28.908994,2026-03-10T22:04:15.746546,
,열성형용기,ROH2,,플라스틱류,용기,압진공용기-햇반,,PLCO0020,0.0238510604343203,5,USED,2026-03-06T13:20:54.151714,2026-03-10T22:04:15.746546,
,nh3,ROH1,,Basic Chemicals,Minerals&Inorganics,Ammonia,,BCMI0010,0.0155366578689772,13,USED,2026-03-06T13:21:42.131106,2026-03-10T22:04:15.746546,
,들깨분말,ROH1,,농산가공식품,곡물가공,들깨분,,APGR0190,0.2567147713892355,2,USED,2026-03-06T13:22:00.245360,2026-03-10T22:04:15.746546,
,참깨분말,ROH1,,농산가공식품,곡물가공,참깨분,,APGR0170,0.2815129722165358,2,USED,2026-03-06T13:22:08.746081,2026-03-10T22:04:15.746546,
,케이싱,ROH1,,기타가공식품,케이싱,기타케이싱,,OPCA9990,0.0441278263328709,2,USED,2026-03-06T13:22:24.996986,2026-03-10T22:04:15.746546,
,콜라겐,ROH1,,첨가물,영양강화제,콜라겐,,FANE0020,0.85,1,USED,2026-03-06T13:22:54.084066,2026-03-10T22:04:15.746546,
,염산,ROH1,,기초소재,산류,염산,,BCAC0020,0.85,1,USED,2026-03-06T13:23:07.593930,2026-03-10T22:04:15.746546,
,가성소다,ROH1,,기초소재,염기,가성소다 (액상),,BCAL0010,0.85,1,USED,2026-03-06T13:23:26.818501,2026-03-10T22:04:15.746546,
,가지,ROH1,,농산물,열매채소류,가지,,AAFV0040,0.85,1,USED,2026-03-06T13:31:00.056527,2026-03-10T22:04:15.746546,
,생강분말,ROH1,,농산가공식품,양념채소가공,생강분말,,APSV0100,0.1175518081711475,4,USED,2026-03-06T14:03:06.239392,2026-03-10T22:04:15.746546,
,냉동부추,ROH1,,농산물,엽경채류,부추,,AALV0080,0.85,1,USED,2026-03-06T14:03:30.176809,2026-03-10T22:04:15.746546,
,목이버섯,ROH1,,농산물,버섯류,목이버섯,,AAMU0030,0.0315685984546146,5,USED,2026-03-06T14:03:46.955977,2026-03-10T22:04:15.746546,
,흰다리새우,ROH1,,수산물,갑각류,새우,,SSCR0010,0.85,1,USED,2026-03-06T14:05:28.138460,2026-03-10T22:04:15.746546,
,연육이또요리,ROH1,,수산물,연육,이또요리,,SSSU0030,0.85,1,USED,2026-03-06T14:05:46.427322,2026-03-10T22:04:15.746546,
,무염버터,ROH1,,축산가공식품,유가공,버터,,LPDA0010,0.1819978075062709,2,USED,2026-03-06T14:06:10.764344,2026-03-10T22:04:15.746546,
,모짜렐라치즈,ROH1,,축산가공식품,유가공,치즈,,LPDA0080,0.85,1,USED,2026-03-06T14:12:50.082098,2026-03-10T22:04:15.746546,
,대파10mm,ROH1,,농산물,양념채소류,대파,,AASV0010,0.85,1,USED,2026-03-06T14:13:34.119340,2026-03-10T22:04:15.746546,
,다진양파,ROH1,,농산물,양념채소류,양파,,AASV0050,0.1330529927457431,2,USED,2026-03-06T14:13:46.772446,2026-03-10T22:04:15.746546,
,샐러리,ROH1,,농산물,엽경채류,셀러리,,AALV0100,0.0480409509228875,1,USED,2026-03-06T14:14:10.822051,2026-03-10T22:04:15.746546,
,마,ROH1,,,,,,,0.0,0,PROPOSED,2026-03-06T14:14:55.013076,,농산물>뿌리채소류>마
,스트레치필름,ROH2,,플라스틱류,기타 플라스틱류,스트레치필름,,PLOT0040,0.0686388626870576,4,USED,2026-03-06T14:19:11.261117,2026-03-10T22:04:15.746546,
,치즈가루,ROH1,,,,,,,0.0,0,PROPOSED,2026-03-06T14:20:40.324953,,축산가공식품>유가공>치즈분말
,난백,ROH1,,축산가공식품,난가공,난백,,LPEG0030,0.85,1,USED,2026-03-06T14:20:58.869070,2026-03-10T22:04:15.746546,
,수박,ROH1,,농산물,과실류,수박,,AAFR0140,0.85,1,USED,2026-03-06T14:21:33.568750,2026-03-10T22:04:15.746546,
,대두유,ROH1,,,,,,,0.0,0,PROPOSED,2026-03-06T14:22:16.720893,,기타가공식품>유지류>대두유
,퓨레,ROH1,,농산가공식품,과실가공,과일퓨레,,APFR0020,0.85,1,USED,2026-03-06T14:22:22.771403,2026-03-10T22:04:15.746546,
,양조간장,ROH1,,조미식품,장류,간장,양조간장,CDFM0011,0.0779620378788487,3,USED,2026-03-06T14:22:38.109732,2026-03-10T22:04:15.746546,
,바나나퓨레,ROH1,,농산가공식품,과실가공,과일퓨레,바나나퓨레,APFR0022,0.1510910330621144,2,USED,2026-03-06T14:22:40.121057,2026-03-10T22:04:15.746546,
,파인애플퓨레,ROH1,,농산가공식품,과실가공,과일퓨레,파인애플퓨레,APFR0025,0.189586943767182,2,USED,2026-03-06T14:22:53.830330,2026-03-10T22:04:15.746546,
,배퓨레,ROH1,,농산가공식품,과실가공,과일퓨레,배퓨레,APFR0023,0.1383271920599482,2,USED,2026-03-06T14:23:04.603990,2026-03-10T22:04:15.746546,
,분리대두단백,ROH1,,농산가공식품,두류가공,TVP/CSP/ISP,,APBN0010,0.85,1,USED,2026-03-06T14:23:08.653707,2026-03-10T22:04:15.746546,
,단호박퓨레,ROH1,,농산가공식품,과실가공,과일퓨레,단호박퓨레,APFR0021,0.2463229103931748,2,USED,2026-03-06T14:23:19.028244,2026-03-10T22:04:15.746546,
,왜무,ROH1,,농산물,무&배추류,무,왜무,AARC0012,0.0429448470860603,5,USED,2026-03-06T14:23:42.640257,2026-03-10T22:04:15.746546,
,열무,ROH1,,농산물,무&배추류,열무,,AARC0040,0.0529714287215376,2,USED,2026-03-06T14:23:57.125196,2026-03-10T22:04:15.746546,
,율무,ROH1,,농산물,잡곡류,율무,,AAMG0080,0.85,1,USED,2026-03-06T14:24:07.617460,2026-03-10T22:04:15.746546,
,만두시즈닝분말,ROH1,,조미식품,복합조미,시즈닝류,,CDCS0010,0.0271195249945014,1,USED,2026-03-06T14:24:15.641070,2026-03-10T22:04:15.746546,
,보리,ROH1,,농산물,잡곡류,보리,,AAMG0060,0.85,1,USED,2026-03-06T14:24:17.503181,2026-03-10T22:04:15.746546,
,보리가루,ROH1,,농산가공식품,곡물가공,보리가루,,APGR0100,0.1667801383944189,2,USED,2026-03-06T14:24:25.781057,2026-03-10T22:04:15.746546,
,고수향미유,ROH1,,기타가공식품,유지류,조미유&향미유,,OPOF0170,0.115582767742653,2,USED,2026-03-06T14:24:28.363920,2026-03-10T22:04:15.746546,
,정제소금,ROH1,,조미식품,소금류,정제염,,CDSA0040,0.146222455938077,4,USED,2026-03-06T14:24:41.227555,2026-03-10T22:04:15.746546,
,숏립,ROH1,,축산물,우육,숏립,숏립 (한국산),LLBF0071,0.0489468027661038,3,USED,2026-03-06T14:24:59.845126,2026-03-10T22:04:15.746546,
,파래,ROH1,,수산물,해조류,파래,,SSSW0060,0.0414797542835966,3,USED,2026-03-06T14:25:34.334062,2026-03-10T22:04:15.746546,
,복합필름,ROH2,,플라스틱류,복합필름,기타 복합필름,,PLMF9990,0.114049641879082,2,USED,2026-03-06T14:25:36.612605,2026-03-10T22:04:15.746546,
,미역,ROH1,,수산물,해조류,미역,,SSSW0020,0.85,1,USED,2026-03-06T14:25:44.901829,2026-03-10T22:04:15.746546,
,돌김,ROH1,,김,마른김,돌김,,GIDL0010,0.85,1,USED,2026-03-06T14:26:26.613958,2026-03-10T22:04:15.746546,
,RRP박스,ROH2,,종이류,칼라박스,칼라박스(RSC),,PACB0010,0.0166988760950069,4,USED,2026-03-06T14:26:42.039746,2026-03-10T22:04:15.746546,
,원맥,ROH1,,농산물,곡물류,원맥&밀,,AAGR0010,0.85,1,USED,2026-03-06T14:58:21.966177,2026-03-10T22:04:15.746546,
,옥수수,ROH1,,농산물,곡물류,옥수수,,AAGR0020,0.85,1,USED,2026-03-06T14:58:37.710987,2026-03-10T22:04:15.746546,
,마늘분말,ROH1,,농산가공식품,양념채소가공,마늘분말,,APSV0010,0.5448918065754801,2,USED,2026-03-06T14:58:50.589831,2026-03-10T22:04:15.746546,
,양파퓨레,ROH1,,농산가공식품,양념채소가공,양파페이스트&퓨레,,APSV0060,0.3558462601054413,2,USED,2026-03-06T14:59:03.702170,2026-03-10T22:04:15.746546,
,꽃게,ROH1,,수산물,갑각류,게,,SSCR0020,0.85,1,USED,2026-03-06T14:59:17.187241,2026-03-10T22:04:15.746546,
,볶은김치,ROH1,,농산가공식품,김치,원료김치,,APKI0010,0.0943453063260488,10,USED,2026-03-06T15:00:19.756663,2026-03-10T22:04:15.746546,
,묵은지김치,ROH1,,농산가공식품,김치,원료김치,,APKI0010,0.0278068923848103,15,USED,2026-03-06T15:00:37.952021,2026-03-10T22:04:15.746546,
,백김치,ROH1,,농산가공식품,김치,기타김치,,APKI9990,0.0147976511077126,22,USED,2026-03-06T15:01:09.838698,2026-03-10T22:04:15.746546,
,밀가루,ROH1,,농산가공식품,곡물가공,밀가루,,APGR0060,0.3209013844506316,2,USED,2026-03-06T15:03:49.398029,2026-03-10T22:04:15.746546,
,황산,ROH1,,기초소재,산류,황산,,BCAC0040,0.85,1,USED,2026-03-06T15:11:22.356534,2026-03-10T22:04:15.746546,
,가성소다,ROH1,,기초소재,염기,가성소다 (액상),,BCAL0010,0.85,1,USED,2026-03-06T15:11:41.250285,2026-03-10T22:04:15.746546,
,수산화칼슘,ROH1,,기초소재,염기,수산화칼슘,,BCAL0040,0.85,1,USED,2026-03-06T15:12:31.148359,2026-03-10T22:04:15.746546,
,파래,ROH1,,수산물,해조류,파래,,SSSW0060,0.0414797542835966,3,USED,2026-03-06T15:22:06.041315,2026-03-10T22:04:15.746546,
,파래,ROH1,,수산물,해조류,파래,,SSSW0060,0.0414797542835966,3,USED,2026-03-06T15:22:14.044942,2026-03-10T22:04:15.746546,
,굴비,ROH1,,수산물,어류,굴비,,SSFS0030,0.85,1,USED,2026-03-06T15:26:01.385774,2026-03-10T22:04:15.746546,
,장어,ROH1,,수산물,어류,장어,,SSFS0040,0.85,1,USED,2026-03-06T15:26:12.326210,2026-03-10T22:04:15.746546,
,옥돔,ROH1,,수산물,어류,옥돔,,SSFS0050,0.85,1,USED,2026-03-06T15:26:24.751773,2026-03-10T22:04:15.746546,
,조기,ROH1,,수산물,어류,조기,,SSFS0060,0.85,1,USED,2026-03-06T15:26:34.855498,2026-03-10T22:04:15.746546,
,참치,ROH1,,수산물,어류,참치,,SSFS0070,0.85,1,USED,2026-03-06T15:26:46.249307,2026-03-10T22:04:15.746546,
,연어,ROH1,,수산물,어류,연어,,SSFS0080,0.85,1,USED,2026-03-06T15:26:57.409407,2026-03-10T22:04:15.746546,
,가자미,ROH1,,수산물,어류,가자미,,SSFS0090,0.85,1,USED,2026-03-06T15:27:08.992427,2026-03-10T22:04:15.746546,
,삼치,ROH1,,수산물,어류,삼치,,SSFS0100,0.85,1,USED,2026-03-06T15:27:19.239143,2026-03-10T22:04:15.746546,
,임연수,ROH1,,수산물,어류,임연수,,SSFS0110,0.85,1,USED,2026-03-06T15:27:30.126323,2026-03-10T22:04:15.746546,
,틸라피아,ROH1,,수산물,어류,틸라피아,,SSFS0120,0.85,1,USED,2026-03-06T15:27:45.132151,2026-03-10T22:04:15.746546,
,바사,ROH1,,수산물,어류,바사,,SSFS0130,0.85,1,USED,2026-03-06T15:27:54.836090,2026-03-10T22:04:15.746546,
,멸치,ROH1,,수산물,어류,멸치,,SSFS0140,0.85,1,USED,2026-03-06T15:28:04.521440,2026-03-10T22:04:15.746546,
,명태,ROH1,,수산물,어류,명태,,SSFS0150,0.85,1,USED,2026-03-06T15:28:15.969672,2026-03-10T22:04:15.746546,
,알/곤이,ROH1,,수산물,어류,알&곤이,,SSFS0170,0.85,1,USED,2026-03-06T15:28:26.915901,2026-03-10T22:04:15.746546,
,새우,ROH1,,수산물,갑각류,새우,,SSCR0010,0.85,1,USED,2026-03-06T15:31:29.035056,2026-03-10T22:04:15.746546,
,게,ROH1,,수산물,갑각류,게,,SSCR0020,0.85,1,USED,2026-03-06T15:31:42.663986,2026-03-10T22:04:15.746546,
,가재,ROH1,,수산물,갑각류,가재,,SSCR0030,0.85,1,USED,2026-03-06T15:31:53.085921,2026-03-10T22:04:15.746546,
,킹크랩,ROH1,,수산물,갑각류,킹크랩,,SSCR0040,0.85,1,USED,2026-03-06T15:32:05.552085,2026-03-10T22:04:15.746546,
,랍스터,ROH1,,수산물,갑각류,랍스터,,SSCR0050,0.85,1,USED,2026-03-06T15:32:17.283017,2026-03-10T22:04:15.746546,
,정제야자유,ROH1,,기타가공식품,유지류,팜유&야자유,,OPOF0110,0.85,1,USED,2026-03-09T08:04:57.642540,2026-03-10T22:04:15.746546,
,마요네즈,ROH1,,조미식품,드레싱&소스,마요네즈,,CDDS0020,0.85,1,USED,2026-03-09T08:05:22.112143,2026-03-10T22:04:15.746546,
,리드필름,ROH2,,플라스틱류,복합필름,리드필름-일반,,PLMF0050,0.0905935386303975,2,USED,2026-03-09T08:05:42.600437,2026-03-10T22:04:15.746546,
,햇반리드필름,ROH2,,플라스틱류,복합필름,리드필름-햇반,,PLMF0060,0.0290268716476877,6,USED,2026-03-09T08:05:54.146018,2026-03-10T22:04:15.746546,
,닭발,ROH1,,축산물,계육-육계,육계 부산물,,LLCKB020,0.0150057207936711,28,USED,2026-03-09T08:06:53.687979,2026-03-10T22:04:15.746546,
,애호박,ROH1,,농산물,열매채소류,호박,,AAFV0030,0.85,1,USED,2026-03-09T08:07:20.611672,2026-03-10T22:04:15.746546,
,RRP박스,ROH2,,종이류,일반박스,진열용박스,,PABX0040,0.0144086909452757,9,USED,2026-03-09T08:07:48.344023,2026-03-10T22:04:15.746546,
,a1박스,ROH2,,종이류,일반박스,일반박스(RSC),,PABX0010,0.85,1,USED,2026-03-09T08:08:02.930091,2026-03-10T22:04:15.746546,
,모짜렐라치즈,ROH1,,축산가공식품,유가공,치즈,,LPDA0080,0.85,1,USED,2026-03-09T08:09:11.800295,2026-03-10T22:04:15.746546,
,마늘풍미유,ROH1,,기타가공식품,유지류,조미유&향미유,,OPOF0170,0.0575642064752266,4,USED,2026-03-09T08:09:36.933692,2026-03-10T22:04:15.746546,
,천일염,ROH1,,조미식품,소금류,천일염,,CDSA0050,0.85,1,USED,2026-03-09T08:53:24.458557,2026-03-10T22:04:15.746546,
,정제염,ROH1,,조미식품,소금류,정제염,,CDSA0040,0.85,1,USED,2026-03-09T08:53:37.120911,2026-03-10T22:04:15.746546,
,soybean,ROH1,,Agri,Beans,Soybean (Non-GMO),,AABN0020,0.85,1,USED,2026-03-09T09:21:14.847473,2026-03-10T22:04:15.746546,
,soy sauce,ROH1,,Condiments,Fermented Sauces ,Soy Sauce,,CDFM0010,0.85,1,USED,2026-03-09T09:21:30.869475,2026-03-10T22:04:15.746546,
,고추가루,ROH1,,농산물,고추류,고춧가루,,AACV0080,0.0446588253412394,12,USED,2026-03-09T09:22:00.501702,2026-03-10T22:04:15.746546,
,고춧가루,ROH1,,농산물,고추류,고춧가루,,AACV0080,0.4978250515088145,1,USED,2026-03-09T09:22:11.576607,2026-03-10T22:04:15.746546,
,밀가루,ROH1,,농산가공식품,곡물가공,밀가루,,APGR0060,0.3209013844506316,2,USED,2026-03-09T12:51:47.336361,2026-03-10T22:04:15.746546,
,밀,ROH1,,농산물,곡물류,원맥&밀,,AAGR0010,0.85,1,USED,2026-03-09T12:52:05.811507,2026-03-10T22:04:15.746546,
,부추,ROH1,,농산물,엽경채류,부추,,AALV0080,0.85,1,USED,2026-03-09T12:52:24.853643,2026-03-10T22:04:15.746546,
,양배추,ROH1,,농산물,엽경채류,양배추,,AALV0130,0.236989303595761,2,USED,2026-03-09T12:52:54.597894,2026-03-10T22:04:15.746546,
,적양배추,ROH1,,농산물,엽경채류,적양배추,,AALV0150,0.167409430638447,2,USED,2026-03-09T12:53:13.051010,2026-03-10T22:04:15.746546,
,절임배추,ROH1,,농산물,무&배추류,절임배추,,AARC0030,0.0893706038134148,3,USED,2026-03-09T12:53:30.296131,2026-03-10T22:04:15.746546,
,배추,ROH1,,농산물,무&배추류,배추,,AARC0020,0.1368649367592118,2,USED,2026-03-09T12:54:01.558261,2026-03-10T22:04:15.746546,
,건표고버섯,ROH1,,농산물,버섯류,표고버섯,,AAMU0070,0.0867010480102952,9,USED,2026-03-09T12:56:51.452796,2026-03-10T22:04:15.746546,
,겨자분,ROH1,,조미식품,향신료,겨자,,CDSP0020,0.85,1,USED,2026-03-09T12:57:09.697039,2026-03-10T22:04:15.746546,
,스푼,ROH2,,플라스틱류,기타 플라스틱류,기타 사출품,,PLOT0020,0.0588960848428585,1,USED,2026-03-09T12:58:33.962234,2026-03-10T22:04:15.746546,
,젓가락,ROH2,,,,,,,0.0,0,PROPOSED,2026-03-09T12:59:48.617820,,기타포장재>기타포장재>나무
,고추가루,ROH1,,농산물,고추류,고춧가루,,AACV0080,0.0446588253412394,12,USED,2026-03-09T13:00:32.775316,2026-03-10T22:04:15.746546,
,고춧가루,ROH1,,농산물,고추류,고춧가루,,AACV0080,0.4978250515088145,1,USED,2026-03-09T13:00:42.831853,2026-03-10T22:04:15.746546,
,라벨,ROH2,,플라스틱류,라벨,일반 라벨,,PLLB0040,0.444259861531039,1,USED,2026-03-09T13:01:00.792612,2026-03-10T22:04:15.746546,
,흑깨분,ROH1,,농산가공식품,곡물가공,참깨분,,APGR0170,0.3270719017875983,2,USED,2026-03-09T13:01:28.890076,2026-03-10T22:04:15.746546,
,와이어선,ROH2,,기타포장재,기타 포장재,기타 포장재,,OTOT9990,0.0321376560317992,10,USED,2026-03-09T13:02:15.806614,2026-03-10T22:04:15.746546,
,양장,ROH2,,케이싱,천연장,천연장,,CANC0010,0.0321354931559578,1,USED,2026-03-09T13:02:41.720324,2026-03-10T22:04:15.746546,
,돈장,ROH2,,케이싱,천연장,천연장,,CANC0010,0.0238808319665575,1,USED,2026-03-09T13:02:51.371564,2026-03-10T22:04:15.746546,
,파렛트패드,ROH2,,종이류,기타 종이류,파렛트패드,,PAOT0020,0.4098221804526155,2,USED,2026-03-09T13:03:10.385265,2026-03-10T22:04:15.746546,
,마늘분,ROH1,,농산가공식품,양념채소가공,마늘분말,,APSV0010,0.3846698088873471,3,USED,2026-03-09T13:04:37.403929,2026-03-10T22:04:15.746546,
,양파분,ROH1,,농산가공식품,양념채소가공,양파분말,,APSV0040,0.2053046002127103,2,USED,2026-03-09T13:04:51.734121,2026-03-10T22:04:15.746546,
,금속캡,ROH2,,금속류,마개,금속캡,,MECL0010,0.5540594861411285,1,USED,2026-03-09T13:05:12.369939,2026-03-10T22:04:15.746546,
,대두원유,ROH1,,기타가공식품,유지류,대두탈검유,,OPOF0130,0.0485768095877973,1,USED,2026-03-09T13:05:59.550549,2026-03-10T22:04:15.746546,
,정제소금,ROH1,,조미식품,소금류,정제염,,CDSA0040,0.146222455938077,4,USED,2026-03-09T13:06:19.880446,2026-03-10T22:04:15.746546,
,생강향,ROH1,,첨가물,맛&향조정제,향료,,FAFO0010,0.066495049791258,2,USED,2026-03-09T13:06:39.481986,2026-03-10T22:04:15.746546,
,치킨향,ROH1,,첨가물,맛&향조정제,향료,,FAFO0010,0.0117766991495065,8,USED,2026-03-09T13:06:49.011431,2026-03-10T22:04:15.746546,
,시럽,ROH1,,,,,,,0.0,0,PROPOSED,2026-03-09T13:08:42.615285,,조미식품>드레싱&소스>액당&시럽류
,등심,ROH1,,,,,,,0.0,0,PROPOSED,2026-03-09T13:09:48.821841,,축산물>돈육>돈등심
,모돈갈비,ROH1,,축산물,돈육,모돈갈비,,LLPK0070,0.0702954595307164,4,USED,2026-03-09T13:10:25.189749,2026-03-10T22:04:15.746546,
,튜브롤,ROH2,,플라스틱류,압출필름,압출튜브롤,,PLEF0020,0.0925571115870986,1,USED,2026-03-09T13:12:47.293859,2026-03-10T22:04:15.746546,
,평판롤,ROH2,,플라스틱류,압출필름,압출평판롤,,PLEF0010,0.0520031644992068,1,USED,2026-03-09T13:12:55.426619,2026-03-10T22:04:15.746546,
,타마린드,ROH1,,조미식품,향신료,기타향신료,,CDSP9990,0.036054257707814,7,USED,2026-03-09T13:13:47.769777,2026-03-10T22:04:15.746546,
,야채혼합농축액,ROH1,,농산가공식품,기타채소가공,야채육수&농축액,,APOT0030,0.1994035442195467,1,USED,2026-03-09T13:14:13.152288,2026-03-10T22:04:15.746546,
,혼합허브앤스파이스,ROH1,,조미식품,복합조미,시즈닝류,,CDCS0010,0.0155731720886486,21,USED,2026-03-09T13:14:36.165917,2026-03-10T22:04:15.746546,
,구연산,ROH1,,,,,,,0.0,0,PROPOSED,2026-03-09T13:16:25.752251,,첨가물>안정화제>산도조절제
,셀룰로즈,ROH2,,케이싱,셀룰로즈,셀룰로즈케이싱,,CACE0010,0.5500122084943321,1,USED,2026-03-09T13:16:42.922920,2026-03-10T22:04:15.746546,
,소맥전분,ROH1,,농산가공식품,전분류,소맥전분,,APST0030,0.0685428192595741,2,USED,2026-03-09T13:17:20.997508,2026-03-10T22:04:15.746546,
,올리브유,ROH1,,기타가공식품,유지류,올리브유,,OPOF0030,0.5770382391511192,2,USED,2026-03-09T13:17:32.522595,2026-03-10T22:04:15.746546,
,포도씨유,ROH1,,기타가공식품,유지류,포도씨유,,OPOF0040,0.5063765591206565,2,USED,2026-03-09T13:18:00.199962,2026-03-10T22:04:15.746546,
,볶음땅콩,ROH1,,농산물,견과류,땅콩,,AANU0020,0.3956985011057339,1,USED,2026-03-09T13:18:14.593872,2026-03-10T22:04:15.746546,
,땅콩분태,ROH1,,농산물,견과류,땅콩,,AANU0020,0.3925345967401775,1,USED,2026-03-09T13:18:24.434455,2026-03-10T22:04:15.746546,
,변성전분,ROH1,,농산가공식품,전분류,타피오카변성전분,,APST0040,0.1074943283808539,2,USED,2026-03-09T13:18:46.366047,2026-03-10T22:04:15.746546,
,햇반리드,ROH2,,플라스틱류,복합필름,리드필름-햇반,,PLMF0060,0.0381692660412869,2,USED,2026-03-09T13:19:04.713458,2026-03-10T22:04:15.746546,
,옥수수전분,ROH1,,농산가공식품,전분류,옥수수전분가루,,APST0060,0.0513408011443884,2,USED,2026-03-09T13:19:29.323985,2026-03-10T22:04:15.746546,
,현미가루,ROH1,,농산가공식품,곡물가공,현미가루,,APGR0140,0.0810343202034018,3,USED,2026-03-09T13:20:14.885674,2026-03-10T22:04:15.746546,
,코코아,ROH1,,농산가공식품,과실가공,카카오,,APFR0030,0.2888176254397797,1,USED,2026-03-09T13:22:26.934376,2026-03-10T22:04:15.746546,
chkim328,멜론,ROH1,,농산물,과실류,메론,,AAFR0100,0.0161322194103441,16,USED,2026-03-09T13:44:32.968322,2026-03-10T22:04:15.746546,
chkim328,멜론,ROH1,,농산물,과실류,메론,,AAFR0100,0.0161322194103441,16,USED,2026-03-09T13:44:56.289014,2026-03-10T22:04:15.746546,
chkim328,멜론,ROH1,,농산물,과실류,메론,,AAFR0100,0.0161322194103441,16,USED,2026-03-09T13:45:26.956225,2026-03-10T22:04:15.746546,
jkg5098,파래,ROH1,,수산물,해조류,파래,,SSSW0060,0.0414797542835966,3,USED,2026-03-09T17:29:18.825795,2026-03-10T22:04:15.746546,
jkg5098,파래,ROH1,,수산물,해조류,파래,,SSSW0060,0.0414797542835966,3,USED,2026-03-09T17:31:17.447051,2026-03-10T22:04:15.746546,
jkg5098,파래,ROH1,,수산물,해조류,파래,,SSSW0060,0.0414797542835966,3,USED,2026-03-09T17:31:24.697207,2026-03-10T22:04:15.746546,
jkg5098,파래,ROH1,,수산물,해조류,파래,,SSSW0060,0.0414797542835966,3,USED,2026-03-09T17:31:30.600744,2026-03-10T22:04:15.746546,
jkg5098,파래,ROH1,,수산물,해조류,파래,,SSSW0060,0.0414797542835966,3,USED,2026-03-09T17:31:37.223758,2026-03-10T22:04:15.746546,
jkg5098,파래,ROH1,,수산물,해조류,파래,,SSSW0060,0.0414797542835966,3,USED,2026-03-09T17:31:42.898309,2026-03-10T22:04:15.746546,
jkg5098,파래,ROH1,,수산물,해조류,파래,,SSSW0060,0.0414797542835966,3,USED,2026-03-09T17:31:49.037365,2026-03-10T22:04:15.746546,
jkg5098,파래,ROH1,,수산물,해조류,파래,,SSSW0060,0.0414797542835966,3,USED,2026-03-09T17:31:54.715526,2026-03-10T22:04:15.746546,
jkg5098,파래,ROH1,,수산물,해조류,파래,,SSSW0060,0.0414797542835966,3,USED,2026-03-09T17:32:01.632105,2026-03-10T22:04:15.746546,
jkg5098,파래,ROH1,,수산물,해조류,파래,,SSSW0060,0.0414797542835966,3,USED,2026-03-09T17:32:08.943286,2026-03-10T22:04:15.746546,
jkg5098,파래,ROH1,,수산물,해조류,파래,,SSSW0060,0.0414797542835966,3,USED,2026-03-09T17:32:15.825318,2026-03-10T22:04:15.746546,
jkg5098,파래,ROH1,,수산물,해조류,파래,,SSSW0060,0.0414797542835966,3,USED,2026-03-09T17:32:22.155409,2026-03-10T22:04:15.746546,
jkg5098,파래,ROH1,,수산물,해조류,파래,,SSSW0060,0.0414797542835966,3,USED,2026-03-09T17:32:28.576002,2026-03-10T22:04:15.746546,
jkg5098,파래,ROH1,,수산물,해조류,파래,,SSSW0060,0.0414797542835966,3,USED,2026-03-09T17:32:36.424892,2026-03-10T22:04:15.746546,
jkg5098,밀키트수산,ROH1,,수산물,기타수산물,밀키트수산,,SSOT0010,0.0403140120503439,4,USED,2026-03-09T17:32:51.234983,2026-03-10T22:04:15.746546,
jkg5098,밀키트수산,ROH1,,수산물,기타수산물,밀키트수산,,SSOT0010,0.0403140120503439,4,USED,2026-03-09T17:32:56.654532,2026-03-10T22:04:15.746546,
jkg5098,밀키트수산,ROH1,,수산물,기타수산물,밀키트수산,,SSOT0010,0.0403140120503439,4,USED,2026-03-09T17:33:02.837033,2026-03-10T22:04:15.746546,
jkg5098,밀키트수산,ROH1,,수산물,기타수산물,밀키트수산,,SSOT0010,0.0403140120503439,4,USED,2026-03-09T17:33:08.554934,2026-03-10T22:04:15.746546,
jkg5098,밀키트수산,ROH1,,수산물,기타수산물,밀키트수산,,SSOT0010,0.0403140120503439,4,USED,2026-03-09T17:33:14.468701,2026-03-10T22:04:15.746546,
jkg5098,밀키트수산,ROH1,,수산물,기타수산물,밀키트수산,,SSOT0010,0.0403140120503439,4,USED,2026-03-09T17:33:20.174629,2026-03-10T22:04:15.746546,
jkg5098,밀키트수산,ROH1,,수산물,기타수산물,밀키트수산,,SSOT0010,0.0403140120503439,4,USED,2026-03-09T17:33:27.170655,2026-03-10T22:04:15.746546,
jkg5098,밀키트수산,ROH1,,수산물,기타수산물,밀키트수산,,SSOT0010,0.0403140120503439,4,USED,2026-03-09T17:33:33.166639,2026-03-10T22:04:15.746546,
jkg5098,다시마가공,ROH1,,수산가공식품,해조류가공,다시마가공,,SPSW0010,0.0275734977017176,3,USED,2026-03-09T17:34:32.057799,2026-03-10T22:04:15.746546,
jkg5098,다시마가공,ROH1,,수산가공식품,해조류가공,다시마가공,,SPSW0010,0.0275734977017176,3,USED,2026-03-09T17:34:37.986267,2026-03-10T22:04:15.746546,
jkg5098,다시마가공,ROH1,,수산가공식품,해조류가공,다시마가공,,SPSW0010,0.0275734977017176,3,USED,2026-03-09T17:34:43.552248,2026-03-10T22:04:15.746546,
jkg5098,다시마가공,ROH1,,수산가공식품,해조류가공,다시마가공,,SPSW0010,0.0275734977017176,3,USED,2026-03-09T17:34:51.723010,2026-03-10T22:04:15.746546,
jkg5098,다시마가공,ROH1,,수산가공식품,해조류가공,다시마가공,,SPSW0010,0.0275734977017176,3,USED,2026-03-09T17:34:57.536782,2026-03-10T22:04:15.746546,
jkg5098,기타해조류가공,ROH1,,수산가공식품,해조류가공,기타해조류가공,,SPSW9990,0.0258411096662058,24,USED,2026-03-09T17:35:22.756830,2026-03-10T22:04:15.746546,
jkg5098,조개가공,ROH1,,수산가공식품,조개류가공,조개가공,,SPSF0010,0.0358529172038515,2,USED,2026-03-09T17:35:37.957283,2026-03-10T22:04:15.746546,
jkg5098,굴가공,ROH1,,수산가공식품,조개류가공,굴가공,,SPSF0020,0.1005801186557945,2,USED,2026-03-09T17:35:51.745418,2026-03-10T22:04:15.746546,
jkg5098,바지락가공,ROH1,,수산가공식품,조개류가공,바지락가공,,SPSF0030,0.0962205543774196,2,USED,2026-03-09T17:36:04.361825,2026-03-10T22:04:15.746546,
jkg5098,기타조개류가공,ROH1,,수산가공식품,조개류가공,기타조개류가공,,SPSF9990,0.0564794983238897,1,USED,2026-03-09T17:36:19.163224,2026-03-10T22:04:15.746546,
jkg5098,까나리액젓,ROH1,,수산가공식품,액젓,까나리액젓,,SPSC0010,0.85,1,USED,2026-03-09T17:36:31.735573,2026-03-10T22:04:15.746546,
jkg5098,멸치액젓,ROH1,,수산가공식품,액젓,멸치액젓,,SPSC0020,0.85,1,USED,2026-03-09T17:36:40.678412,2026-03-10T22:04:15.746546,
jkg5098,새우액젓,ROH1,,수산가공식품,액젓,새우액젓,,SPSC0030,0.85,1,USED,2026-03-09T17:36:49.482279,2026-03-10T22:04:15.746546,
jkg5098,기타액젓,ROH1,,수산가공식품,액젓,기타액젓,,SPSC9990,0.174815286067773,1,USED,2026-03-09T17:36:59.108848,2026-03-10T22:04:15.746546,
jkg5098,해물육수,ROH1,,수산가공식품,기타수산가공,해물육수,,SPOT0010,0.85,1,USED,2026-03-09T17:37:09.623349,2026-03-10T22:04:15.746546,
jkg5098,기타수산가공,ROH1,,수산가공식품,기타수산가공,기타수산가공,,SPOT9990,0.2741301882845092,1,USED,2026-03-09T17:37:20.041079,2026-03-10T22:04:15.746546,
jkg5098,혼합해물가공,ROH1,,수산가공식품,혼합해물,혼합해물가공,,SPMX0010,0.85,1,USED,2026-03-09T17:37:31.093571,2026-03-10T22:04:15.746546,
jkg5098,오징어가공,ROH1,,수산가공식품,연체류가공,오징어가공,,SPMO0010,0.2122702116292972,2,USED,2026-03-09T17:37:41.567904,2026-03-10T22:04:15.746546,
jkg5098,기타연체류가공,ROH1,,수산가공식품,연체류가공,기타연체류가공,,SPMO9990,0.0364299727356096,27,USED,2026-03-09T17:38:02.842473,2026-03-10T22:04:15.746546,
jkg5098,가쓰오부시,ROH1,,수산가공식품,어류가공,가쓰오부시,,SPFS0010,0.85,1,USED,2026-03-09T17:38:19.151365,2026-03-10T22:04:15.746546,
jkg5098,조미생선,ROH1,,수산가공식품,어류가공,조미생선,,SPFS0020,0.85,1,USED,2026-03-09T17:38:27.427624,2026-03-10T22:04:15.746546,
jkg5098,생선추출물,ROH1,,수산가공식품,어류가공,생선추출물,,SPFS0030,0.85,1,USED,2026-03-09T17:38:37.415266,2026-03-10T22:04:15.746546,
jkg5098,멸치분말,ROH1,,수산가공식품,어류가공,멸치분말,,SPFS0040,0.85,1,USED,2026-03-09T17:38:47.205189,2026-03-10T22:04:15.746546,
jkg5098,멸치엑기스,ROH1,,수산가공식품,어류가공,멸치분말,,SPFS0040,0.066296922932963,2,USED,2026-03-09T17:38:58.161913,2026-03-10T22:04:15.746546,
jkg5098,멸치엑기스,ROH1,,수산가공식품,어류가공,멸치엑기스,,SPFS0050,0.85,1,USED,2026-03-09T17:39:15.050269,2026-03-10T22:04:15.746546,
jkg5098,황태&명태가공,ROH1,,수산가공식품,어류가공,황태&명태가공,,SPFS0060,0.0359649219084413,4,USED,2026-03-09T17:39:25.847721,2026-03-10T22:04:15.746546,
jkg5098,기타어류가공,ROH1,,수산가공식품,어류가공,기타어류가공,,SPFS9990,0.0559424203487822,1,USED,2026-03-09T17:39:36.406968,2026-03-10T22:04:15.746546,
jkg5098,게 가공,ROH1,,수산가공식품,갑각류가공,게 가공,,SPCS0010,0.0694443359052918,2,USED,2026-03-09T17:39:46.657070,2026-03-10T22:04:15.746546,
jkg5098,새우가공,ROH1,,수산가공식품,갑각류가공,새우가공,,SPCS0020,0.0184158378003504,12,USED,2026-03-09T17:40:06.805530,2026-03-10T22:04:15.746546,
jkg5098,기타갑각류가공,ROH1,,수산가공식품,갑각류가공,기타갑각류가공,,SPCS9990,0.0775402251897767,1,USED,2026-03-09T17:40:20.928295,2026-03-10T22:04:15.746546,
jkg5098,아이스팩충전재,ROH1,,공정부원료,기타공정부원료,아이스팩충전재,,PSOT0010,0.1391227833101114,1,USED,2026-03-09T17:40:31.019839,2026-03-10T22:04:15.746546,
dlwngh0723,사출용기,ROH2,,플라스틱류,용기,사출용기,,PLCO0050,0.1793757168200573,1,USED,2026-03-09T17:40:37.798316,2026-03-10T22:04:15.746546,
dlwngh0723,사출블로우용기(PET),ROH2,,플라스틱류,용기,사출블로우용기(PET),,PLCO0040,0.1149333467787016,1,USED,2026-03-09T17:40:47.258043,2026-03-10T22:04:15.746546,
jkg5098,차,ROH1,,기타가공식품,차류,차,,OPTE0010,0.85,1,USED,2026-03-09T17:41:10.343996,2026-03-10T22:04:15.746546,
jkg5098,당면,ROH1,,기타가공식품,기타가공식품,당면,,OPOT0010,0.85,1,USED,2026-03-09T17:41:19.346173,2026-03-10T22:04:15.746546,
jkg5098,곤약,ROH1,,기타가공식품,기타가공식품,곤약,,OPOT0020,0.85,1,USED,2026-03-09T17:41:30.766226,2026-03-10T22:04:15.746546,
dlwngh0723,네크밴드,ROH2,,,,,,,0.0,0,PROPOSED,2026-03-09T17:41:36.888468,,플라스틱류>수축필름>네크밴드
jkg5098,꿀,ROH1,,기타가공식품,기타가공식품,꿀,,OPOT0030,0.85,1,USED,2026-03-09T17:41:40.682545,2026-03-10T22:04:15.746546,
jkg5098,프리믹스,ROH1,,기타가공식품,기타가공식품,프리믹스,,OPOT0040,0.85,1,USED,2026-03-09T17:41:52.398957,2026-03-10T22:04:15.746546,
dlwngh0723,백미,ROH1,,농산물,미곡류,백미,,AARI0020,0.85,1,USED,2026-03-09T17:41:59.236683,2026-03-10T22:04:15.746546,
jkg5098,라이스칩,ROH1,,기타가공식품,기타가공식품,라이스칩,,OPOT0050,0.85,1,USED,2026-03-09T17:42:02.890919,2026-03-10T22:04:15.746546,
dlwngh0723,조곡 (쌀),ROH1,,농산물,미곡류,조곡 (쌀),,AARI0030,0.85,1,USED,2026-03-09T17:42:08.013244,2026-03-10T22:04:15.746546,
jkg5098,구성품,ROH1,,기타가공식품,기타가공식품,구성품,,OPOT0060,0.85,1,USED,2026-03-09T17:42:14.646944,2026-03-10T22:04:15.746546,
jkg5098,기타가공식품,ROH1,,기타가공식품,기타가공식품,기타가공식품,,OPOT9990,0.2098077042167891,1,USED,2026-03-09T17:42:23.482522,2026-03-10T22:04:15.746546,
dlwngh0723,서양고추냉이,ROH1,,농산물,뿌리채소류,서양고추냉이,,AARV0090,0.024763805606242,13,USED,2026-03-09T17:42:37.251300,2026-03-10T22:04:15.746546,
dlwngh0723,서양고추냉이,ROH1,,농산물,뿌리채소류,서양고추냉이,,AARV0090,0.024763805606242,13,USED,2026-03-09T17:42:46.428579,2026-03-10T22:04:15.746546,
jkg5098,마가린,ROH1,,기타가공식품,유지류,마가린,,OPOF0010,0.85,1,USED,2026-03-09T17:42:46.585162,2026-03-10T22:04:15.746546,
dlwngh0723,서양고추냉이,ROH1,,농산물,뿌리채소류,서양고추냉이,,AARV0090,0.024763805606242,13,USED,2026-03-09T17:42:52.146229,2026-03-10T22:04:15.746546,
jkg5098,쇼트닝,ROH1,,기타가공식품,유지류,쇼트닝,,OPOF0020,0.85,1,USED,2026-03-09T17:42:54.880925,2026-03-10T22:04:15.746546,
dlwngh0723,서양고추냉이,ROH1,,농산물,뿌리채소류,서양고추냉이,,AARV0090,0.024763805606242,13,USED,2026-03-09T17:42:59.564242,2026-03-10T22:04:15.746546,
jkg5098,올리브유,ROH1,,기타가공식품,유지류,올리브유,,OPOF0030,0.5770382391511192,2,USED,2026-03-09T17:43:08.836730,2026-03-10T22:04:15.746546,
jkg5098,포도씨유,ROH1,,기타가공식품,유지류,포도씨유,,OPOF0040,0.5063765591206565,2,USED,2026-03-09T17:43:23.088839,2026-03-10T22:04:15.746546,
dlwngh0723,절인 할라피뇨,ROH1,,농산가공식품,고추가공,절인 할라피뇨,,APCP0040,0.1382804108971308,2,USED,2026-03-09T17:43:32.387421,2026-03-10T22:04:15.746546,
jkg5098,카놀라유,ROH1,,기타가공식품,유지류,카놀라유,,OPOF0050,0.85,1,USED,2026-03-09T17:43:34.456862,2026-03-10T22:04:15.746546,
jkg5098,해바라기유,ROH1,,기타가공식품,유지류,해바라기유,,OPOF0060,0.85,1,USED,2026-03-09T17:43:44.327582,2026-03-10T22:04:15.746546,
dlwngh0723,말티톨,ROH1,,농산가공식품,당류,말티톨,,APSG0040,0.85,1,USED,2026-03-09T17:43:49.389276,2026-03-10T22:04:15.746546,
jkg5098,참기름,ROH1,,기타가공식품,유지류,참기름,,OPOF0070,0.85,1,USED,2026-03-09T17:43:55.451088,2026-03-10T22:04:15.746546,
jkg5098,들기름,ROH1,,기타가공식품,유지류,들기름,,OPOF0080,0.85,1,USED,2026-03-09T17:44:05.817844,2026-03-10T22:04:15.746546,
jkg5098,콩기름,ROH1,,기타가공식품,유지류,콩기름,,OPOF0090,0.85,1,USED,2026-03-09T17:44:16.480565,2026-03-10T22:04:15.746546,
dlwngh0723,슈크로스,ROH1,,농산가공식품,당류,슈크로스,,APSG0180,0.85,1,USED,2026-03-09T17:44:38.740118,2026-03-10T22:04:15.746546,
dlwngh0723,전분믹스,ROH1,,농산가공식품,전분류,전분믹스,,APST0020,0.1278948754707053,2,USED,2026-03-09T17:44:48.988699,2026-03-10T22:04:15.746546,
dlwngh0723,마늘분말,ROH1,,농산가공식품,양념채소가공,마늘분말,,APSV0010,0.5448918065754801,2,USED,2026-03-09T17:44:58.505475,2026-03-10T22:04:15.746546,
dlwngh0723,양파분말,ROH1,,농산가공식품,양념채소가공,양파분말,,APSV0040,0.2881505210103801,2,USED,2026-03-09T17:45:07.771095,2026-03-10T22:04:15.746546,
dlwngh0723,대파분말,ROH1,,농산가공식품,양념채소가공,대파분말,,APSV0070,0.0949821019043776,3,USED,2026-03-09T17:45:26.979287,2026-03-10T22:04:15.746546,
dlwngh0723,생강분말,ROH1,,농산가공식품,양념채소가공,생강분말,,APSV0100,0.1175518081711475,4,USED,2026-03-09T17:45:36.576040,2026-03-10T22:04:15.746546,
dlwngh0723,생강페이스트,ROH1,,농산가공식품,양념채소가공,생강페이스트,,APSV0120,0.4025241830498162,2,USED,2026-03-09T17:45:45.346616,2026-03-10T22:04:15.746546,
dlwngh0723,활성탄,ROH1,,기초소재,여과보조제,활성탄,,BCFT0010,0.85,1,USED,2026-03-09T17:46:02.028495,2026-03-10T22:04:15.746546,
dlwngh0723,헵타몰리브덴산 암모늄,ROH1,,기초소재,광물&무기물,헵타몰리브덴산 암모늄,,BCMI0050,0.85,1,USED,2026-03-09T17:46:08.365453,2026-03-10T22:04:15.746546,
dlwngh0723,빵가루,ROH1,,농산가공식품,곡물가공,빵가루,,APGR0180,0.85,1,USED,2026-03-09T17:46:16.183666,2026-03-10T22:04:15.746546,
jkg5098,옥수수유,ROH1,,기타가공식품,유지류,옥수수유,,OPOF0100,0.4111556862366444,2,USED,2026-03-10T09:06:33.321113,2026-03-10T22:04:15.746546,
jkg5098,팜유&야자유,ROH1,,기타가공식품,유지류,팜유&야자유,,OPOF0110,0.85,1,USED,2026-03-10T09:06:55.731317,2026-03-10T22:04:15.746546,
jkg5098,옥배유,ROH1,,기타가공식품,유지류,옥배유,,OPOF0120,0.1248868313731333,2,USED,2026-03-10T09:07:07.433394,2026-03-10T22:04:15.746546,
jkg5098,대두탈검유,ROH1,,기타가공식품,유지류,대두탈검유,,OPOF0130,0.85,1,USED,2026-03-10T09:07:21.318715,2026-03-10T22:04:15.746546,
jkg5098,팜올레인유,ROH1,,기타가공식품,유지류,팜올레인유,,OPOF0140,0.85,1,USED,2026-03-10T09:07:31.769805,2026-03-10T22:04:15.746546,
jkg5098,트러플향유,ROH1,,기타가공식품,유지류,트러플향유,,OPOF0150,0.85,1,USED,2026-03-10T09:07:42.881518,2026-03-10T22:04:15.746546,
jkg5098,쌀눈유,ROH1,,기타가공식품,유지류,쌀눈유,,OPOF0160,0.85,1,USED,2026-03-10T09:07:52.882129,2026-03-10T22:04:15.746546,
jkg5098,조미유&향미유,ROH1,,기타가공식품,유지류,조미유&향미유,,OPOF0170,0.85,1,USED,2026-03-10T09:08:09.801025,2026-03-10T22:04:15.746546,
jkg5098,기타유지류,ROH1,,기타가공식품,유지류,기타유지류,,OPOF9990,0.0725926347458067,1,USED,2026-03-10T09:08:19.292508,2026-03-10T22:04:15.746546,
jkg5098,천연장,ROH1,,기타가공식품,케이싱,천연장,,OPCA0010,0.85,1,USED,2026-03-10T09:08:36.620783,2026-03-10T22:04:15.746546,
jkg5098,콜라겐케이싱,ROH1,,기타가공식품,케이싱,콜라겐케이싱,,OPCA0020,0.469423432223706,2,USED,2026-03-10T09:08:48.325503,2026-03-10T22:04:15.746546,
jkg5098,셀룰로즈,ROH1,,기타가공식품,케이싱,셀룰로즈,,OPCA0040,0.5520057618170386,1,USED,2026-03-10T09:09:02.293026,2026-03-10T22:04:15.746546,
jkg5098,플라스틱케이싱,ROH1,,기타가공식품,케이싱,플라스틱케이싱,,OPCA0050,0.85,1,USED,2026-03-10T09:09:14.478869,2026-03-10T22:04:15.746546,
jkg5098,화이브러스,ROH1,,기타가공식품,케이싱,화이브러스,,OPCA0060,0.1392909772888474,1,USED,2026-03-10T09:09:25.305483,2026-03-10T22:04:15.746546,
jkg5098,기타케이싱,ROH1,,기타가공식품,케이싱,기타케이싱,,OPCA9990,0.0419128761412986,2,USED,2026-03-10T09:09:39.998467,2026-03-10T22:04:15.746546,
jkg5098,음료,ROH1,,기타가공식품,음료류,음료,,OPBV0010,0.85,1,USED,2026-03-10T09:09:52.408305,2026-03-10T22:04:15.746546,
jkg5098,빵류,ROH1,,기타가공식품,제과제빵류,빵류,,OPBA0010,0.85,1,USED,2026-03-10T09:10:02.670956,2026-03-10T22:04:15.746546,
jkg5098,혼성주,ROH1,,주류,기타주류,혼성주,,LQOT0010,0.85,1,USED,2026-03-10T09:10:15.025655,2026-03-10T22:04:15.746546,
jkg5098,기타주류,ROH1,,주류,기타주류,기타주류,,LQOT9990,0.0449363471458981,13,USED,2026-03-10T09:10:33.207916,2026-03-10T22:04:15.746546,
jkg5098,탁주,ROH1,,주류,발효주,탁주,,LQFE0010,0.85,1,USED,2026-03-10T09:10:50.941378,2026-03-10T22:04:15.746546,
jkg5098,약주,ROH1,,주류,발효주,약주,,LQFE0020,0.85,1,USED,2026-03-10T09:10:59.890172,2026-03-10T22:04:15.746546,
jkg5098,청주,ROH1,,주류,발효주,청주,,LQFE0030,0.85,1,USED,2026-03-10T09:11:09.597309,2026-03-10T22:04:15.746546,
jkg5098,맥주,ROH1,,주류,발효주,맥주,,LQFE0040,0.85,1,USED,2026-03-10T09:11:36.131179,2026-03-10T22:04:15.746546,
jkg5098,과실주,ROH1,,주류,발효주,과실주,,LQFE0050,0.85,1,USED,2026-03-10T09:11:47.199794,2026-03-10T22:04:15.746546,
jkg5098,소주,ROH1,,주류,증류주,소주,,LQDI0010,0.85,1,USED,2026-03-10T09:11:58.879265,2026-03-10T22:04:15.746546,
jkg5098,일반증류주,ROH1,,주류,증류주,일반증류주,,LQDI0040,0.85,1,USED,2026-03-10T09:12:09.210169,2026-03-10T22:04:15.746546,
jkg5098,위스키,ROH1,,주류,증류주,위스키,,LQDI0020,0.85,1,USED,2026-03-10T09:12:29.716608,2026-03-10T22:04:15.746546,
jkg5098,브랜디,ROH1,,주류,증류주,브랜디,,LQDI0030,0.85,1,USED,2026-03-10T09:12:45.457882,2026-03-10T22:04:15.746546,
jkg5098,일반증류주,ROH1,,주류,증류주,일반증류주,,LQDI0040,0.85,1,USED,2026-03-10T09:12:54.020360,2026-03-10T22:04:15.746546,
jkg5098,리큐르,ROH1,,주류,증류주,리큐르,,LQDI0050,0.85,1,USED,2026-03-10T09:13:06.113440,2026-03-10T22:04:15.746546,
dlwngh0723,셀룰로즈,ROH1,,기타가공식품,케이싱,셀룰로즈,,OPCA0040,0.5520057618170386,1,USED,2026-03-10T12:38:49.574996,2026-03-10T22:04:15.746546,
dlwngh0723,화이브러스,ROH1,,기타가공식품,케이싱,화이브러스,,OPCA0060,0.1392909772888474,1,USED,2026-03-10T12:39:03.672316,2026-03-10T22:04:15.746546,
dlwngh0723,CMC,ROH1,,Processing Aids,Additives,Cmc,,PAAD0030,0.85,1,USED,2026-03-10T12:39:17.008541,2026-03-10T22:04:15.746546,
dlwngh0723,잔탄검,ROH1,,가공보조제,바이오 기반,잔탄검,,PABB0010,0.85,1,USED,2026-03-10T12:39:50.289505,2026-03-10T22:04:15.746546,
dlwngh0723,알&곤이,ROH1,,수산물,어류,알&곤이,,SSFS0170,0.85,1,USED,2026-03-10T12:40:36.083163,2026-03-10T22:04:15.746546,
dlwngh0723,살균제,ROH1,,가공보조제,보존제,살균제,,PAPS0020,0.85,1,USED,2026-03-10T12:40:50.933459,2026-03-10T22:04:15.746546,
dlwngh0723,옥수수유,ROH1,,기타가공식품,유지류,옥수수유,,OPOF0100,0.4111556862366444,2,USED,2026-03-10T12:41:01.871217,2026-03-10T22:04:15.746546,
dlwngh0723,마가린,ROH1,,기타가공식품,유지류,마가린,,OPOF0010,0.85,1,USED,2026-03-10T12:41:09.703670,2026-03-10T22:04:15.746546,
dlwngh0723,플라스틱케이싱,ROH1,,기타가공식품,케이싱,플라스틱케이싱,,OPCA0050,0.85,1,USED,2026-03-10T12:41:17.271531,2026-03-10T22:04:15.746546,
dlwngh0723,빵류,ROH1,,기타가공식품,제과제빵류,빵류,,OPBA0010,0.85,1,USED,2026-03-10T12:41:31.411839,2026-03-10T22:04:15.746546,
dlwngh0723,리큐르,ROH1,,주류,증류주,리큐르,,LQDI0050,0.85,1,USED,2026-03-10T12:41:41.129577,2026-03-10T22:04:15.746546,
dlwngh0723,유청분말,ROH1,,축산가공식품,유가공,유청분말,,LPDA0030,0.85,1,USED,2026-03-10T12:41:51.639018,2026-03-10T22:04:15.746546,
dlwngh0723,우지,ROH1,,축산가공식품,우육가공,우지,,LPBF0050,0.85,1,USED,2026-03-10T12:42:27.032851,2026-03-10T22:04:15.746546,
dlwngh0723,바이오틴,ROH1,,기능성소재,비타민류,바이오틴,,FUVI0030,0.85,1,USED,2026-03-10T12:43:49.011503,2026-03-10T22:04:15.746546,
dlwngh0723,옥수수 침지액,ROH1,,농산가공식품,단백질&아미노산군,옥수수 침지액,,FUPA0090,0.0418866572084648,4,USED,2026-03-10T12:43:58.384471,2026-03-10T22:04:15.746546,
dlwngh0723,티로신,ROH1,,기능성소재,단백질&아미노산군,티로신,,FUPA0060,0.85,1,USED,2026-03-10T12:44:07.682819,2026-03-10T22:04:15.746546,
dlwngh0723,Guanosine,ROH1,,Functional Ingredients,Nucleotides&Derivatives,Guanosine,,FUND0040,0.85,1,USED,2026-03-10T12:44:19.716513,2026-03-10T22:04:15.746546,
dlwngh0723,구아닌,ROH1,,기능성소재,핵산&뉴클레오타이드,구아닌,,FUND0020,0.85,1,USED,2026-03-10T12:44:28.603891,2026-03-10T22:04:15.746546,
dlwngh0723,땅콩,ROH1,,농산물,견과류,땅콩,,AANU0020,0.2795181121139594,1,USED,2026-03-10T12:44:37.872282,2026-03-10T22:04:15.746546,
dlwngh0723,겔 형성제,ROH1,,첨가물,개선제,겔 형성제,,FAIM0060,0.85,1,USED,2026-03-10T12:45:14.055242,2026-03-10T22:04:15.746546,
dlwngh0723,유화제,ROH1,,첨가물,개선제,유화제,,FAIM0030,0.85,1,USED,2026-03-10T12:45:22.341710,2026-03-10T22:04:15.746546,
dlwngh0723,향료,ROH1,,첨가물,맛&향조정제,향료,,FAFO0010,0.85,1,USED,2026-03-10T12:45:31.989161,2026-03-10T22:04:15.746546,
dlwngh0723,메탄티올,ROH1,,기초소재,기타 케미컬류,메탄티올,,BCOT0010,0.0408844149378835,24,USED,2026-03-10T12:46:00.226442,2026-03-10T22:04:15.746546,
dlwngh0723,질소,ROH1,,기초소재,광물&무기물,질소,,BCMI0020,0.85,1,USED,2026-03-10T12:46:10.554912,2026-03-10T22:04:15.746546,
dlwngh0723,기타양념채소가공,ROH1,,농산가공식품,양념채소가공,기타양념채소가공,,APSV9990,0.3806774369214013,2,USED,2026-03-10T12:46:40.588646,2026-03-10T22:04:15.746546,
dlwngh0723,생강페이스트,ROH1,,농산가공식품,양념채소가공,생강페이스트,,APSV0120,0.4025241830498162,2,USED,2026-03-10T12:46:48.962634,2026-03-10T22:04:15.746546,
dlwngh0723,생강농축액,ROH1,,농산가공식품,양념채소가공,생강농축액,,APSV0110,0.4653546701957388,2,USED,2026-03-10T12:46:58.310442,2026-03-10T22:04:15.746546,
dlwngh0723,생강분말,ROH1,,농산가공식품,양념채소가공,생강분말,,APSV0100,0.1175518081711475,4,USED,2026-03-10T12:47:07.082101,2026-03-10T22:04:15.746546,
dlwngh0723,대파농축액,ROH1,,농산가공식품,양념채소가공,대파농축액,,APSV0080,0.0726188223763616,2,USED,2026-03-10T12:47:15.177804,2026-03-10T22:04:15.746546,
dlwngh0723,대파분말,ROH1,,농산가공식품,양념채소가공,대파분말,,APSV0070,0.0949821019043776,3,USED,2026-03-10T12:47:23.732858,2026-03-10T22:04:15.746546,
dlwngh0723,양파분말,ROH1,,농산가공식품,양념채소가공,양파분말,,APSV0040,0.2881505210103801,2,USED,2026-03-10T12:47:31.883651,2026-03-10T22:04:15.746546,
dlwngh0723,마늘농축액,ROH1,,농산가공식품,양념채소가공,마늘농축액,,APSV0020,0.3372032385404531,2,USED,2026-03-10T12:47:40.915295,2026-03-10T22:04:15.746546,
dlwngh0723,마늘분말,ROH1,,농산가공식품,양념채소가공,마늘분말,,APSV0010,0.5448918065754801,2,USED,2026-03-10T12:47:48.888028,2026-03-10T22:04:15.746546,
dlwngh0723,백설탕,ROH1,,농산가공식품,당류,백설탕,,APSG0240,0.85,1,USED,2026-03-10T12:47:59.399398,2026-03-10T22:04:15.746546,
jkg5098,돈육엑기스,ROH1,,축산가공식품,돈육가공,돈육엑기스,,LPPK0010,0.85,1,USED,2026-03-10T14:26:26.808342,2026-03-10T22:04:15.746546,
jkg5098,순대,ROH1,,축산가공식품,돈육가공,순대,,LPPK0020,0.85,1,USED,2026-03-10T14:26:39.766353,2026-03-10T22:04:15.746546,
jkg5098,편육,ROH1,,축산가공식품,돈육가공,편육,,LPPK0030,0.85,1,USED,2026-03-10T14:26:51.387269,2026-03-10T22:04:15.746546,
jkg5098,햄&소시지,ROH1,,축산가공식품,돈육가공,햄&소시지,,LPPK0040,0.85,1,USED,2026-03-10T14:27:04.612961,2026-03-10T22:04:15.746546,
jkg5098,베이컨,ROH1,,축산가공식품,돈육가공,베이컨,,LPPK0050,0.85,1,USED,2026-03-10T14:27:17.199028,2026-03-10T22:04:15.746546,
jkg5098,돈지,ROH1,,축산가공식품,돈육가공,돈지,,LPPK0060,0.85,1,USED,2026-03-10T14:27:32.586646,2026-03-10T22:04:15.746546,
jkg5098,기타돈육가공,ROH1,,축산가공식품,돈육가공,기타돈육가공,,LPPK9990,0.4788863422699942,3,USED,2026-03-10T14:27:47.472885,2026-03-10T22:04:15.746546,
jkg5098,기타축산가공,ROH1,,축산가공식품,기타축산가공,기타축산가공,,LPOT9990,0.0613744192753099,1,USED,2026-03-10T14:28:01.466477,2026-03-10T22:04:15.746546,
jkg5098,전란액,ROH1,,축산가공식품,난가공,전란액,,LPEG0010,0.85,1,USED,2026-03-10T14:28:15.864666,2026-03-10T22:04:15.746546,
jkg5098,전란분,ROH1,,축산가공식품,난가공,전란분,,LPEG0020,0.85,1,USED,2026-03-10T14:28:28.782932,2026-03-10T22:04:15.746546,
jkg5098,난백,ROH1,,축산가공식품,난가공,난백,,LPEG0030,0.85,1,USED,2026-03-10T14:28:41.491293,2026-03-10T22:04:15.746546,
jkg5098,난황,ROH1,,축산가공식품,난가공,난황,,LPEG0040,0.85,1,USED,2026-03-10T14:28:57.577411,2026-03-10T22:04:15.746546,
jkg5098,스크램블에그,ROH1,,축산가공식품,난가공,스크램블에그,,LPEG0050,0.85,1,USED,2026-03-10T14:29:08.747212,2026-03-10T22:04:15.746546,
jkg5098,지단,ROH1,,축산가공식품,난가공,지단,,LPEG0060,0.85,1,USED,2026-03-10T14:29:37.943245,2026-03-10T22:04:15.746546,
jkg5098,기타계란가공,ROH1,,축산가공식품,난가공,기타계란가공,,LPEG9990,0.327288481154419,1,USED,2026-03-10T14:29:51.196718,2026-03-10T22:04:15.746546,
dkwoo,피스타치오,ROH1,,농산물,견과류,피스타치오,,AANU0100,0.029238659847168,1,USED,2026-03-10T14:37:35.854721,2026-03-10T22:04:15.746546,
dkwoo,땅콩분태,ROH1,,농산가공식품,견과가공,견과류분말,,APNU0010,0.0968396274682849,10,USED,2026-03-10T14:38:55.020919,2026-03-10T22:04:15.746546,
jkg5098,버터,ROH1,,축산가공식품,유가공,버터,,LPDA0010,0.85,1,USED,2026-03-10T14:39:13.929185,2026-03-10T22:04:15.746546,
jkg5098,우유,ROH1,,축산가공식품,유가공,우유,,LPDA0020,0.85,1,USED,2026-03-10T14:39:24.521681,2026-03-10T22:04:15.746546,
jkg5098,유청분말,ROH1,,축산가공식품,유가공,유청분말,,LPDA0030,0.85,1,USED,2026-03-10T14:39:53.301211,2026-03-10T22:04:15.746546,
ohjh0930,파렛트시트,ROH2,,플라스틱류,압출필름,파렛트시트,,PLEF0040,0.0263561539383419,15,USED,2026-03-10T14:40:01.336748,2026-03-10T22:04:15.746546,
ohjh0930,평판롤,ROH2,,플라스틱류,압출필름,압출평판롤,,PLEF0010,0.0520031644992068,1,USED,2026-03-10T14:40:11.331285,2026-03-10T22:04:15.746546,
jkg5098,유크림,ROH1,,축산가공식품,유가공,유크림,,LPDA0040,0.85,1,USED,2026-03-10T14:40:15.900099,2026-03-10T22:04:15.746546,
jkg5098,탈지분유,ROH1,,축산가공식품,유가공,탈지분유,,LPDA0050,0.85,1,USED,2026-03-10T14:40:26.774585,2026-03-10T22:04:15.746546,
ohjh0930,BOTTOM필름,ROH2,,플라스틱류,복합필름,BOTTOM,,PLMF0010,0.0384651729248286,3,USED,2026-03-10T14:40:36.409722,2026-03-10T22:04:15.746546,
jkg5098,혼합탈지분유,ROH1,,축산가공식품,유가공,혼합탈지분유,,LPDA0060,0.3533470317694002,2,USED,2026-03-10T14:40:38.760452,2026-03-10T22:04:15.746546,
ohjh0930,TOP필름,ROH2,,플라스틱류,복합필름,TOP,,PLMF0020,0.0493057074614042,2,USED,2026-03-10T14:40:44.241015,2026-03-10T22:04:15.746546,
jkg5098,혼합탈지분유,ROH1,,축산가공식품,유가공,혼합탈지분유,,LPDA0060,0.3533470317694002,2,USED,2026-03-10T14:40:56.137971,2026-03-10T22:04:15.746546,
ohjh0930,햇반리드,ROH2,,플라스틱류,복합필름,리드필름-햇반,,PLMF0060,0.0381692660412869,2,USED,2026-03-10T14:40:57.921214,2026-03-10T22:04:15.746546,
ohjh0930,유리병,ROH2,,유리류,병,유리용기,,GLBO0010,0.3529831117733764,1,USED,2026-03-10T14:41:03.992013,2026-03-10T22:04:15.746546,
jkg5098,전지분유,ROH1,,축산가공식품,유가공,전지분유,,LPDA0070,0.1080697573991757,2,USED,2026-03-10T14:41:09.354707,2026-03-10T22:04:15.746546,
jkg5098,치즈,ROH1,,축산가공식품,유가공,치즈,,LPDA0080,0.85,1,USED,2026-03-10T14:41:20.085841,2026-03-10T22:04:15.746546,
ohjh0930,셀룰로즈,ROH2,,케이싱,셀룰로즈,셀룰로즈케이싱,,CACE0010,0.5500122084943321,1,USED,2026-03-10T14:41:20.446878,2026-03-10T22:04:15.746546,
jkg5098,기타유가공,ROH1,,축산가공식품,유가공,기타유가공,,LPDA9990,0.0760483761711761,1,USED,2026-03-10T14:41:29.671298,2026-03-10T22:04:15.746546,
jkg5098,치킨스톡&엑기스,ROH1,,축산가공식품,계육가공,치킨스톡&엑기스,,LPCK0010,0.85,1,USED,2026-03-10T14:41:43.228496,2026-03-10T22:04:15.746546,
ohjh0930,3pc캔,ROH2,,금속류,금속캔,스틸캔,,MECA0010,0.0365917817290393,4,USED,2026-03-10T14:41:53.166383,2026-03-10T22:04:15.746546,
jkg5098,치킨분말,ROH1,,축산가공식품,계육가공,치킨분말,,LPCK0020,0.85,1,USED,2026-03-10T14:41:59.698828,2026-03-10T22:04:15.746546,
ohjh0930,압출파우치,ROH2,,플라스틱류,압출필름,파우치(압출),,PLEF0030,0.0291763218406156,2,USED,2026-03-10T14:42:02.033110,2026-03-10T22:04:15.746546,
ohjh0930,A-1박스,ROH2,,종이류,일반박스,일반박스(RSC),,PABX0010,0.85,1,USED,2026-03-10T14:42:22.174741,2026-03-10T22:04:15.746546,
jkg5098,익힌 치킨,ROH1,,축산가공식품,계육가공,익힌 치킨,,LPCK0030,0.85,1,USED,2026-03-10T14:42:29.427866,2026-03-10T22:04:15.746546,
jkg5098,기타계육가공,ROH1,,축산가공식품,계육가공,기타계육가공,,LPCK9990,0.1748565063250611,2,USED,2026-03-10T14:42:50.726993,2026-03-10T22:04:15.746546,
ohjh0930,소프트밴드,ROH2,,기타포장재,기타 포장재,PP밴드,,OTOT0070,0.2195044854379744,1,USED,2026-03-10T14:42:57.653226,2026-03-10T22:04:15.746546,
jkg5098,소고기엑기스,ROH1,,축산가공식품,우육가공,소고기엑기스,,LPBF0010,0.85,1,USED,2026-03-10T14:43:02.847952,2026-03-10T22:04:15.746546,
ohjh0930,박스패드,ROH2,,종이류,박스부속,박스패드,,PABI0020,0.152528864559094,2,USED,2026-03-10T14:43:09.556881,2026-03-10T22:04:15.746546,
jkg5098,소뼈추출물,ROH1,,축산가공식품,우육가공,소뼈추출물,,LPBF0020,0.85,1,USED,2026-03-10T14:43:13.642992,2026-03-10T22:04:15.746546,
ohjh0930,지함패드,ROH2,,종이류,지함부속,지함패드,,PAFI0020,0.3100267842544418,2,USED,2026-03-10T14:43:15.394320,2026-03-10T22:04:15.746546,
jkg5098,소고기분말,ROH1,,축산가공식품,우육가공,소고기분말,,LPBF0030,0.85,1,USED,2026-03-10T14:43:24.364184,2026-03-10T22:04:15.746546,
ohjh0930,카톤,ROH2,,종이류,용기,종이팩/카톤팩,,PACO0020,0.0296612173563561,13,USED,2026-03-10T14:43:29.047687,2026-03-10T22:04:15.746546,
jkg5098,소고기육수,ROH1,,축산가공식품,우육가공,소고기육수,,LPBF0040,0.85,1,USED,2026-03-10T14:43:34.666012,2026-03-10T22:04:15.746546,
jkg5098,우지,ROH1,,축산가공식품,우육가공,우지,,LPBF0050,0.85,1,USED,2026-03-10T14:43:44.913456,2026-03-10T22:04:15.746546,
jkg5098,기타우육가공,ROH1,,축산가공식품,우육가공,기타우육가공,,LPBF9990,0.2948540796017382,1,USED,2026-03-10T14:43:55.975681,2026-03-10T22:04:15.746546,
ohjh0930,네크밴드,ROH2,,,,,,,0.0,0,PROPOSED,2026-03-10T14:44:03.187772,,플라스틱류>수축필름>네크밴드
jkg5098,경제성원료,ROH1,,축산물,돈육,경제성원료,,LLPK0010,0.85,1,USED,2026-03-10T14:44:07.779389,2026-03-10T22:04:15.746546,
jkg5098,돈육트리밍,ROH1,,축산물,돈육,돈육트리밍,,LLPK0020,0.85,1,USED,2026-03-10T14:44:18.535596,2026-03-10T22:04:15.746546,
ohjh0930,튜브롤,ROH2,,플라스틱류,압출필름,압출튜브롤,,PLEF0020,0.0925571115870986,1,USED,2026-03-10T14:44:20.717811,2026-03-10T22:04:15.746546,
jkg5098,돈등심,ROH1,,축산물,돈육,돈등심,,LLPK0030,0.85,1,USED,2026-03-10T14:44:28.084655,2026-03-10T22:04:15.746546,
jkg5098,지방,ROH1,,축산물,돈육,지방,,LLPK0040,0.85,1,USED,2026-03-10T14:44:41.658069,2026-03-10T22:04:15.746546,
jkg5098,등갈비,ROH1,,축산물,우육,갈비,,LLBF0010,0.85,1,USED,2026-03-10T14:45:15.756600,2026-03-10T22:04:15.746546,
ohjh0930,유색테이프,ROH2,,기타포장재,기타 포장재,OPP테이프,,OTOT0010,0.85,1,USED,2026-03-10T14:45:21.652797,2026-03-10T22:04:15.746546,
jkg5098,모돈,ROH1,,축산물,돈육,모돈,,LLPK0060,0.85,1,USED,2026-03-10T14:45:25.719684,2026-03-10T22:04:15.746546,
ohjh0930,스트레치필름,ROH2,,플라스틱류,기타 플라스틱류,스트레치필름,,PLOT0040,0.0686388626870576,4,USED,2026-03-10T14:45:33.024347,2026-03-10T22:04:15.746546,
ohjh0930,클립,ROH2,,기타포장재,기타 포장재,클립,,OTOT0110,0.0671187696565009,2,USED,2026-03-10T14:45:42.743697,2026-03-10T22:04:15.746546,
jkg5098,모돈갈비,ROH1,,축산물,돈육,모돈갈비,,LLPK0070,0.0702954595307164,4,USED,2026-03-10T14:45:47.127154,2026-03-10T22:04:15.746546,
ohjh0930,우드칩,ROH2,,기타포장재,기타 포장재,나무(꼬지/칩),,OTOT0080,0.0438704330779423,1,USED,2026-03-10T14:45:54.059216,2026-03-10T22:04:15.746546,
jkg5098,돈목살,ROH1,,축산물,돈육,돈목살,,LLPK0080,0.85,1,USED,2026-03-10T14:45:59.368051,2026-03-10T22:04:15.746546,
ohjh0930,꼬지,ROH2,,기타포장재,기타 포장재,나무(꼬지/칩),,OTOT0080,0.017939561830801,3,USED,2026-03-10T14:46:01.327821,2026-03-10T22:04:15.746546,
ohjh0930,스푼,ROH2,,플라스틱류,기타 플라스틱류,기타 사출품,,PLOT0020,0.0588960848428585,1,USED,2026-03-10T14:46:09.090414,2026-03-10T22:04:15.746546,
jkg5098,목전지,ROH1,,축산물,돈육,목전지,,LLPK0090,0.85,1,USED,2026-03-10T14:46:12.421035,2026-03-10T22:04:15.746546,
jkg5098,부산물,ROH1,,축산물,돈육,부산물,,LLPK0100,0.85,1,USED,2026-03-10T14:46:23.550910,2026-03-10T22:04:15.746546,
jkg5098,삼겹,ROH1,,축산물,돈육,삼겹,,LLPK0110,0.85,1,USED,2026-03-10T14:46:33.268744,2026-03-10T22:04:15.746546,
jkg5098,삼겹트리밍,ROH1,,축산물,돈육,삼겹트리밍,,LLPK0120,0.0932891900300523,2,USED,2026-03-10T14:46:44.240266,2026-03-10T22:04:15.746546,
jkg5098,세절삼겹,ROH1,,축산물,돈육,세절삼겹,,LLPK0130,0.0777140143305076,3,USED,2026-03-10T14:46:54.875718,2026-03-10T22:04:15.746546,
ohjh0930,허니셀,ROH2,,종이류,지함부속,허니셀,,PAFI0030,0.0136932677517965,1,USED,2026-03-10T14:47:03.808450,2026-03-10T22:04:15.746546,
ohjh0930,대추농축액,ROH1,,농산가공식품,과실가공,과실농축액,,APFR0010,0.12310998484043,3,USED,2026-03-10T14:47:29.515400,2026-03-10T22:04:15.746546,
ohjh0930,양파분말,ROH1,,농산가공식품,양념채소가공,양파분말,,APSV0040,0.2881505210103801,2,USED,2026-03-10T14:47:38.362572,2026-03-10T22:04:15.746546,
ohjh0930,대파분말,ROH1,,농산가공식품,양념채소가공,대파분말,,APSV0070,0.0949821019043776,3,USED,2026-03-10T14:47:45.504140,2026-03-10T22:04:15.746546,
ohjh0930,양파,ROH1,,농산물,양념채소류,양파,,AASV0050,0.1123254930072941,4,USED,2026-03-10T14:47:55.156757,2026-03-10T22:04:15.746546,
ohjh0930,건파,ROH1,,농산물,양념채소류,파,,AASV0020,0.85,1,USED,2026-03-10T14:48:45.138944,2026-03-10T22:04:15.746546,
ohjh0930,고추가루,ROH1,,농산물,고추류,고춧가루,,AACV0080,0.0446588253412394,12,USED,2026-03-10T14:49:03.677741,2026-03-10T22:04:15.746546,
ohjh0930,건표고버섯,ROH1,,농산물,버섯류,표고버섯,,AAMU0070,0.0867010480102952,9,USED,2026-03-10T14:49:32.942210,2026-03-10T22:04:15.746546,
ohjh0930,겨자분,ROH1,,조미식품,향신료,겨자,,CDSP0020,0.85,1,USED,2026-03-10T14:49:43.895157,2026-03-10T22:04:15.746546,
jkg5098,전지,ROH1,,축산물,돈육,전지,,LLPK0140,0.85,1,USED,2026-03-10T14:49:47.699052,2026-03-10T22:04:15.746546,
jkg5098,후지,ROH1,,축산물,돈육,후지,,LLPK0150,0.85,1,USED,2026-03-10T14:49:57.237399,2026-03-10T22:04:15.746546,
ohjh0930,사출캡,ROH2,,플라스틱류,마개,사출마개,,PLCL0010,0.0617676848062979,1,USED,2026-03-10T14:50:00.262328,2026-03-10T22:04:15.746546,
ohjh0930,흑깨분,ROH1,,농산가공식품,곡물가공,참깨분,,APGR0170,0.3270719017875983,2,USED,2026-03-10T14:50:16.933257,2026-03-10T22:04:15.746546,
jkg5098,특수후지,ROH1,,축산물,돈육,특수후지,,LLPK0160,0.0143052878880251,16,USED,2026-03-10T14:50:19.776273,2026-03-10T22:04:15.746546,
jkg5098,쿠션미트,ROH1,,축산물,돈육,쿠션미트,,LLPK0170,0.85,1,USED,2026-03-10T14:50:35.003226,2026-03-10T22:04:15.746546,
ohjh0930,동결후지,ROH1,,축산물,돈육,후지,,LLPK0150,0.85,1,USED,2026-03-10T14:50:36.202029,2026-03-10T22:04:15.746546,
jkg5098,세절전지,ROH1,,축산물,돈육,세절전지,,LLPK0180,0.0769523077047271,2,USED,2026-03-10T14:50:45.309626,2026-03-10T22:04:15.746546,
chkim328,phosphoric,ROH1,,Basic Chemicals,Acids,Phosphoric Acid,,BCAC0010,0.0259984310334055,3,USED,2026-03-10T14:50:59.790630,2026-03-10T22:04:15.746546,
jkg5098,세절후지,ROH1,,축산물,돈육,세절후지,,LLPK0190,0.0285161990729711,5,USED,2026-03-10T14:51:00.137703,2026-03-10T22:04:15.746546,
ohjh0930,등심,ROH1,,,,,,,0.0,0,PROPOSED,2026-03-10T14:51:09.286977,,축산물>돈육>돈등심
jkg5098,기타돈육,ROH1,,축산물,돈육,기타돈육,,LLPK9990,0.6114392665709679,1,USED,2026-03-10T14:51:12.882384,2026-03-10T22:04:15.746546,
jkg5098,밀키트축산,ROH1,,축산물,기타축산물,밀키트축산,,LLOT0010,0.0244613070465853,11,USED,2026-03-10T14:51:29.055012,2026-03-10T22:04:15.746546,
ohjh0930,와이어선,ROH2,,기타포장재,기타 포장재,기타 포장재,,OTOT9990,0.0321376560317992,10,USED,2026-03-10T14:51:31.265115,2026-03-10T22:04:15.746546,
chkim328,carbon,ROH1,,Basic Chemicals,Filtration Aids,Activated Carbon,,BCFT0010,0.0454420801733477,1,USED,2026-03-10T14:51:34.574931,2026-03-10T22:04:15.746546,
jkg5098,칠면조,ROH1,,축산물,기타축산물,칠면조,,LLOT0020,0.85,1,USED,2026-03-10T14:51:41.069603,2026-03-10T22:04:15.746546,
ohjh0930,양장,ROH2,,케이싱,천연장,천연장,,CANC0010,0.0321354931559578,1,USED,2026-03-10T14:51:42.406041,2026-03-10T22:04:15.746546,
ohjh0930,돈장,ROH2,,케이싱,천연장,천연장,,CANC0010,0.0238808319665575,1,USED,2026-03-10T14:51:47.996119,2026-03-10T22:04:15.746546,
chkim328,active carbon,ROH1,,Basic Chemicals,Filtration Aids,Activated Carbon,,BCFT0010,0.1152348180202104,1,USED,2026-03-10T14:51:48.896631,2026-03-10T22:04:15.746546,
jkg5098,오리,ROH1,,축산물,기타축산물,오리,,LLOT0030,0.85,1,USED,2026-03-10T14:51:52.970119,2026-03-10T22:04:15.746546,
ohjh0930,파렛트패드,ROH2,,종이류,기타 종이류,파렛트패드,,PAOT0020,0.4098221804526155,2,USED,2026-03-10T14:52:01.578150,2026-03-10T22:04:15.746546,
jkg5098,기타축산물,ROH1,,축산물,기타축산물,기타축산물,,LLOT9990,0.213195618471548,1,USED,2026-03-10T14:52:13.371158,2026-03-10T22:04:15.746546,
jkg5098,가공란,ROH1,,축산물,계란,가공란,,LLEG0020,0.85,1,USED,2026-03-10T14:52:25.047254,2026-03-10T22:04:15.746546,
jkg5098,브랜드란,ROH1,,축산물,계란,브랜드란,,LLEG0010,0.85,1,USED,2026-03-10T14:52:38.971707,2026-03-10T22:04:15.746546,
jkg5098,판란,ROH1,,축산물,계란,판란,,LLEG0030,0.85,1,USED,2026-03-10T14:52:56.824167,2026-03-10T22:04:15.746546,
ohjh0930,모돈갈비,ROH1,,축산물,돈육,모돈갈비,,LLPK0070,0.0702954595307164,4,USED,2026-03-10T14:53:16.116861,2026-03-10T22:04:15.746546,
ohjh0930,전복굴엑기스,ROH1,,수산가공식품,조개류가공,기타조개류가공,,SPSF9990,0.0339764004099295,3,USED,2026-03-10T14:53:45.781124,2026-03-10T22:04:15.746546,
ohjh0930,대두원유,ROH1,,기타가공식품,유지류,대두탈검유,,OPOF0130,0.0485768095877973,1,USED,2026-03-10T14:54:04.709151,2026-03-10T22:04:15.746546,
ohjh0930,정제소금,ROH1,,조미식품,소금류,정제염,,CDSA0040,0.146222455938077,4,USED,2026-03-10T14:54:15.863485,2026-03-10T22:04:15.746546,
ohjh0930,생강향,ROH1,,첨가물,맛&향조정제,향료,,FAFO0010,0.066495049791258,2,USED,2026-03-10T14:54:26.352495,2026-03-10T22:04:15.746546,
ohjh0930,시럽,ROH1,,,,,,,0.0,0,PROPOSED,2026-03-10T14:54:52.687169,,조미식품>드레싱/소슬>액당/시럽류
ohjh0930,타마린드,ROH1,,조미식품,향신료,기타향신료,,CDSP9990,0.036054257707814,7,USED,2026-03-10T14:55:14.659721,2026-03-10T22:04:15.746546,
ohjh0930,야채혼합농축액,ROH1,,농산가공식품,기타채소가공,야채육수&농축액,,APOT0030,0.1994035442195467,1,USED,2026-03-10T14:55:30.607876,2026-03-10T22:04:15.746546,
chkim328,cane mola,ROH1,,Agri Processed,Sugars,Cm,,APSG0230,0.0329860812915689,1,USED,2026-03-10T14:55:45.573302,2026-03-10T22:04:15.746546,
ohjh0930,허브스파이스,ROH1,,,,,,,0.0,0,PROPOSED,2026-03-10T14:56:06.959116,,조미식품>복합조미>시즈닝류
tojiny5,호박,ROH1,,농산물,열매채소류,호박,,AAFV0030,0.85,1,USED,2026-03-10T16:24:13.070281,2026-03-10T22:04:15.746546,
tojiny5,배퓨레,ROH1,,농산가공식품,과실가공,과일퓨레,배퓨레,APFR0023,0.1383271920599482,2,USED,2026-03-10T16:24:30.406882,2026-03-10T22:04:15.746546,
tojiny5,단호박퓨레,ROH1,,농산가공식품,과실가공,과일퓨레,단호박퓨레,APFR0021,0.2463229103931748,2,USED,2026-03-10T16:24:49.163103,2026-03-10T22:04:15.746546,
tojiny5,사과퓨레,ROH1,,농산가공식품,과실가공,과일퓨레,사과퓨레,APFR0024,0.2074959478394776,2,USED,2026-03-10T16:25:59.392444,2026-03-10T22:04:15.746546,
tojiny5,딸기퓨레,ROH1,,농산가공식품,과실가공,과일퓨레,,APFR0020,0.0295060341586732,6,USED,2026-03-10T16:29:02.287050,2026-03-10T22:04:15.746546,
tojiny5,키위퓨레,ROH1,,농산가공식품,과실가공,과일퓨레,키위퓨레,APFR0026,0.0318934497153552,2,USED,2026-03-10T16:29:23.628510,2026-03-10T22:04:15.746546,
tojiny5,바나나퓨레,ROH1,,농산가공식품,과실가공,과일퓨레,바나나퓨레,APFR0022,0.1510910330621144,2,USED,2026-03-10T16:29:35.402165,2026-03-10T22:04:15.746546,
tojiny5,파인애플퓨레,ROH1,,농산가공식품,과실가공,과일퓨레,파인애플퓨레,APFR0025,0.189586943767182,2,USED,2026-03-10T16:29:48.384581,2026-03-10T22:04:15.746546,
tojiny5,rice,ROH1,,Agri,Rice Crops,White Rice,,AARI0020,0.1021972422681718,4,USED,2026-03-10T17:23:34.898130,2026-03-10T22:04:15.746546,
jkg5098,육계 다리살,ROH1,,축산물,계육-육계,육계 다리살,,LLCKB040,0.85,1,USED,2026-03-10T17:36:17.286474,2026-03-10T22:04:15.746546,
jkg5098,육계 가슴살,ROH1,,축산물,계육-육계,육계 가슴살,,LLCKB010,0.85,1,USED,2026-03-10T17:36:29.259141,2026-03-10T22:04:15.746546,
jkg5098,기타계육,ROH1,,축산물,계육,기타계육,,LLCK9990,0.2001795471802931,1,USED,2026-03-10T17:36:42.041529,2026-03-10T22:04:15.746546,
jkg5098,산란노계 가슴살,ROH1,,축산물,계육-노계,산란노계 가슴살,,LLCKSH10,0.85,1,USED,2026-03-10T17:36:58.156949,2026-03-10T22:04:15.746546,
jkg5098,산란노계 계정육,ROH1,,축산물,계육-노계,산란노계 계정육,,LLCKSH20,0.85,1,USED,2026-03-10T17:37:11.741642,2026-03-10T22:04:15.746546,
jkg5098,육계 부산물,ROH1,,축산물,계육-육계,육계 부산물,,LLCKB020,0.85,1,USED,2026-03-10T17:37:27.002313,2026-03-10T22:04:15.746546,
jkg5098,육계 MDCM,ROH1,,축산물,계육-육계,육계 MDCM,,LLCKB030,0.85,1,USED,2026-03-10T17:37:37.711859,2026-03-10T22:04:15.746546,
jkg5098,육계 다리살,ROH1,,축산물,계육-육계,육계 다리살,,LLCKB040,0.85,1,USED,2026-03-10T17:37:48.609342,2026-03-10T22:04:15.746546,
jkg5098,육계 윙,ROH1,,축산물,계육-육계,육계 윙,,LLCKB050,0.85,1,USED,2026-03-10T17:38:00.063313,2026-03-10T22:04:15.746546,
jkg5098,육계 봉,ROH1,,축산물,계육-육계,육계 봉,,LLCKB060,0.85,1,USED,2026-03-10T17:38:09.722400,2026-03-10T22:04:15.746546,
jkg5098,육계 안심,ROH1,,축산물,계육-육계,육계 안심,,LLCKB070,0.0520207182734322,9,USED,2026-03-10T17:38:27.279634,2026-03-10T22:04:15.746546,
jkg5098,종계 가슴살,ROH1,,축산물,계육-종계,종계 가슴살,,LLCKBB10,0.85,1,USED,2026-03-10T17:38:47.999131,2026-03-10T22:04:15.746546,
jkg5098,종계 정육,ROH1,,축산물,계육-종계,종계 정육,,LLCKBB20,0.85,1,USED,2026-03-10T17:38:57.975811,2026-03-10T22:04:15.746546,
jkg5098,종계 MDCM,ROH1,,축산물,계육-종계,종계 MDCM,,LLCKBB30,0.85,1,USED,2026-03-10T17:39:08.863949,2026-03-10T22:04:15.746546,
dkwoo,귀리,ROH1,,농산물,잡곡류,귀리,,AAMG0010,0.85,1,USED,2026-03-10T17:46:29.182696,2026-03-10T22:04:15.746546,
dkwoo,열무,ROH1,,농산물,무&배추류,열무,,AARC0040,0.0529714287215376,2,USED,2026-03-10T17:46:54.384224,2026-03-10T22:04:15.746546,
dkwoo,시래기,ROH1,,농산물,엽경채류,시래기,,AALV0120,0.85,1,USED,2026-03-10T17:47:13.780177,2026-03-10T22:04:15.746546,
dkwoo,토란대,ROH1,,농산물,뿌리채소류,토란,,AARV0070,0.85,1,USED,2026-03-10T17:48:07.549547,2026-03-10T22:04:15.746546,
dkwoo,오징어채,ROH1,,수산가공식품,연체류가공,오징어가공,,SPMO0010,0.1945982260089469,2,USED,2026-03-10T17:48:39.765629,2026-03-10T22:04:15.746546,
dkwoo,순두부,ROH1,,농산가공식품,두류가공,두부,,APBN0040,0.85,1,USED,2026-03-10T17:48:57.781798,2026-03-10T22:04:15.746546,
dkwoo,건조야채블럭,ROH1,,농산가공식품,기타채소가공,야채블럭,,APOT0020,0.85,1,USED,2026-03-10T17:49:23.356330,2026-03-10T22:04:15.746546,
dkwoo,스팸캔,ROH2,,,,,,,0.0,0,PROPOSED,2026-03-10T17:50:41.438703,,금속류>금속캔>스팸캔
dkwoo,유리병,ROH2,,유리류,병,유리용기,,GLBO0010,0.3529831117733764,1,USED,2026-03-10T17:51:11.185652,2026-03-10T22:04:15.746546,
dkwoo,햇반용기,ROH2,,플라스틱류,용기,압진공용기-햇반,,PLCO0020,0.0696695279266522,1,USED,2026-03-10T17:52:26.269477,2026-03-10T22:04:15.746546,
dkwoo,햇반리드필름,ROH2,,플라스틱류,복합필름,리드필름-햇반,,PLMF0060,0.0290268716476877,6,USED,2026-03-10T17:52:39.993109,2026-03-10T22:04:15.746546,
dkwoo,햇반210g리드필름,ROH2,,플라스틱류,복합필름,리드필름-햇반,,PLMF0060,0.023173228867105,7,USED,2026-03-10T17:53:10.024707,2026-03-10T22:04:15.746546,
dkwoo,컵반컵,ROH2,,종이류,용기,종이컵,,PACO0010,0.0751889554748722,1,USED,2026-03-10T17:53:43.310512,2026-03-10T22:04:15.746546,
dkwoo,버터,ROH1,,축산가공식품,유가공,버터,,LPDA0010,0.85,1,USED,2026-03-10T17:54:17.777231,2026-03-10T22:04:15.746546,
dkwoo,사과퓨레,ROH1,,농산가공식품,과실가공,과일퓨레,사과퓨레,APFR0024,0.2074959478394776,2,USED,2026-03-10T17:54:30.348528,2026-03-10T22:04:15.746546,
dkwoo,생강분말,ROH1,,농산가공식품,양념채소가공,생강분말,,APSV0100,0.1175518081711475,4,USED,2026-03-10T17:54:47.865395,2026-03-10T22:04:15.746546,
dkwoo,물밤,ROH1,,농산물,뿌리채소류,물밤,,AARV0080,0.85,1,USED,2026-03-10T17:55:09.933564,2026-03-10T22:04:15.746546,
dkwoo,파인애플,ROH1,,농산물,과실류,파인애플,,AAFR0300,0.85,1,USED,2026-03-10T17:55:21.953389,2026-03-10T22:04:15.746546,
dkwoo,감자다이스,ROH1,,농산물,뿌리채소류,감자,,AARV0010,0.85,1,USED,2026-03-10T17:56:02.231384,2026-03-10T22:04:15.746546,
tojiny5,겨자,ROH1,,조미식품,향신료,겨자,,CDSP0020,0.85,1,USED,2026-03-10T17:57:49.117282,2026-03-10T22:04:15.746546,
tojiny5,후추,ROH1,,조미식품,향신료,후추,,CDSP0010,0.85,1,USED,2026-03-10T17:58:01.265186,2026-03-10T22:04:15.746546,
tojiny5,해바라기유,ROH1,,기타가공식품,유지류,해바라기유,,OPOF0060,0.85,1,USED,2026-03-10T17:58:19.884273,2026-03-10T22:04:15.746546,
tojiny5,올리브유,ROH1,,기타가공식품,유지류,올리브유,,OPOF0030,0.5770382391511192,2,USED,2026-03-10T17:58:32.951837,2026-03-10T22:04:15.746546,
김혜진,cm,ROH1,,농산가공식품,당류,사탕수수 당밀,nan,APSG0230,0,0,NEW,2026-03-10T23:05:51.261634,,
김혜진,cm,ROH1,,농산가공식품,당류,사탕수수 당밀,nan,APSG0230,0,0,NEW,2026-03-10T23:14:25.011967,,
dkwoo,애호박채,ROH1,,농산물,열매채소류,호박,,AAFV0030,0.85,1,NEW,2026-03-11T08:28:20.232292,,
tojiny5,해바라기유,ROH1,,기타가공식품,유지류,해바라기유,,OPOF0060,0.85,1,NEW,2026-03-11T08:28:22.836365,,
dkwoo,코코넛밀크향,ROH1,,첨가물,맛&향조정제,향료,,FAFO0010,0.016168931982904148,12,NEW,2026-03-11T08:29:28.620526,,
dkwoo,바지락엑기스분말,ROH1,,수산가공식품,조개류가공,바지락가공,,SPSF0030,0.19412056336609726,2,NEW,2026-03-11T08:30:00.380911,,
dkwoo,다진마늘,ROH1,,농산물,양념채소류,마늘,,AASV0030,0.85,1,NEW,2026-03-11T08:30:28.114541,,
dkwoo,새우엑기스,ROH1,,수산가공식품,갑각류가공,새우가공,,SPCS0020,0.044310706381056796,4,NEW,2026-03-11T08:31:05.554521,,
dkwoo,난백분,ROH1,,축산가공식품,난가공,난백,,LPEG0030,0.85,1,NEW,2026-03-11T08:31:34.581021,,
dkwoo,냉동홍고추페이스트,ROH1,,농산가공식품,고추가공,고추페이스트,,APCP0030,0.17413817813683827,4,NEW,2026-03-11T08:32:35.790759,,
dkwoo,떡갈비맛시즈닝,ROH1,,조미식품,복합조미,시즈닝류,,CDCS0010,0.03378162613766724,4,NEW,2026-03-11T08:33:15.629998,,
dkwoo,마늘오일분말,ROH1,,농산가공식품,양념채소가공,마늘분말,,APSV0010,0.08423353321649406,3,NEW,2026-03-11T08:33:49.114863,,
dkwoo,부추iqf,ROH1,,농산물,엽경채류,부추,,AALV0080,0.85,1,NEW,2026-03-11T08:34:13.099825,,
dkwoo,냉동곤드레나물,ROH1,,농산물,기타농산물,나물류,,AAOT0010,0.85,1,NEW,2026-03-11T08:35:12.612415,,
dkwoo,양념치킨맛분말,ROH1,,조미식품,복합조미,시즈닝류,nan,CDCS0010,0,0,NEW,2026-03-11T08:37:08.216856,,
dkwoo,다진양파,ROH1,,농산물,양념채소류,양파,,AASV0050,0.10354684194653559,4,NEW,2026-03-11T08:38:01.444166,,
dkwoo,대파iqf,ROH1,,농산물,양념채소류,대파,,AASV0010,0.85,1,NEW,2026-03-11T08:38:22.442932,,
dkwoo,쪽파,ROH1,,농산물,양념채소류,쪽파,,AASV0060,0.020954592042364495,5,NEW,2026-03-11T08:38:37.956253,,
dkwoo,적양배추,ROH1,,농산물,엽경채류,적양배추,,AALV0150,0.22111408433114332,2,NEW,2026-03-11T08:39:10.210456,,
dkwoo,케이싱/데브로콜라겐,ROH1,,기타가공식품,케이싱,콜라겐케이싱,nan,OPCA0020,0,0,NEW,2026-03-11T08:40:11.351941,,
dkwoo,탈지분유,ROH1,,축산가공식품,유가공,탈지분유,,LPDA0050,0.85,1,NEW,2026-03-11T08:40:48.080445,,
dkwoo,스팸캔,ROH2,,금속류,금속캔,스팸캔,nan,MECA0030,0,0,NEW,2026-03-11T08:41:38.864055,,
dkwoo,리드필름,ROH2,,플라스틱류,복합필름,리드필름-일반,,PLMF0050,0.12147363894511296,2,NEW,2026-03-11T08:41:57.279503,,
chkim328,cm,ROH1,,농산가공식품,당류,사탕수수 당밀,nan,APSG0230,0,0,NEW,2026-03-11T15:38:15.356047,,
chkim328,bm,ROH1,,농산가공식품,당류,사탕무 당밀,nan,APSG0130,0,0,NEW,2026-03-11T15:38:46.937350,,
chkim328,cane,ROH1,,농산가공식품,당류,사탕수수 당밀,nan,APSG0230,0,0,NEW,2026-03-11T15:39:11.119020,,
chkim328,beet,ROH1,,농산가공식품,당류,사탕무 당밀,nan,APSG0130,0,0,NEW,2026-03-11T15:39:48.471578,,
jkg5098,스지,ROH1,,축산물,우육,스지,,LLBF0080,0.85,1,NEW,2026-03-11T17:05:31.043385,,
jkg5098,안심,ROH1,,축산물,우육,안심,,LLBF0090,0.85,1,NEW,2026-03-11T17:05:45.160410,,
jkg5098,꼬리,ROH1,,축산물,우육,꼬리,,LLBF0020,0.85,1,NEW,2026-03-11T17:05:55.688327,,
jkg5098,치마살,ROH1,,축산물,우육,치마살,,LLBF0160,0.85,1,NEW,2026-03-11T17:06:04.992070,,
jkg5098,숏립,ROH1,,축산물,우육,숏립,,LLBF0070,0.85,1,NEW,2026-03-11T17:06:14.507394,,
jkg5098,사태,ROH1,,축산물,우육,사태,,LLBF0060,0.85,1,NEW,2026-03-11T17:06:24.657667,,
jkg5098,우둔,ROH1,,축산물,우육,우둔,,LLBF0110,0.85,1,NEW,2026-03-11T17:06:35.842403,,
jkg5098,갈비,ROH1,,축산물,우육,갈비,,LLBF0010,0.85,1,NEW,2026-03-11T17:06:47.885008,,
jkg5098,기타우육,ROH1,,축산물,우육,기타우육,,LLBF9990,0.09809715601546913,3,NEW,2026-03-11T17:07:16.571264,,
jkg5098,쇠목심,ROH1,,축산물,우육,쇠목심,,LLBF0030,0.85,1,NEW,2026-03-11T17:07:26.967744,,
jkg5098,전각,ROH1,,축산물,우육,전각,,LLBF0140,0.85,1,NEW,2026-03-11T17:07:35.973970,,
jkg5098,척숏립,ROH1,,축산물,우육,척숏립,,LLBF0150,0.03711578478496917,13,NEW,2026-03-11T17:07:54.021926,,
jkg5098,볼살,ROH1,,축산물,우육,볼살,,LLBF0050,0.85,1,NEW,2026-03-11T17:08:10.064517,,
jkg5098,양지,ROH1,,축산물,우육,양지,,LLBF0100,0.85,1,NEW,2026-03-11T17:08:19.446610,,
jkg5098,우정육,ROH1,,축산물,우육,우정육,,LLBF0120,0.85,1,NEW,2026-03-11T17:08:30.333906,,
jkg5098,우지방,ROH1,,축산물,우육,우지방,,LLBF0130,0.85,1,NEW,2026-03-11T17:08:40.512737,,
jkg5098,백립,ROH1,,축산물,우육,백립,,LLBF0040,0.85,1,NEW,2026-03-11T17:08:54.051080,,
jkg5098,갈비,ROH1,,축산물,우육,갈비,,LLBF0010,0.85,1,NEW,2026-03-11T17:19:58.911025,,
jkg5098,꼬리,ROH1,,축산물,우육,꼬리,,LLBF0020,0.85,1,NEW,2026-03-11T17:20:16.013085,,
jkg5098,다짐육,ROH1,,축산물,우육,다짐육,,LLBF0180,0.85,1,NEW,2026-03-11T17:20:50.153763,,
jkg5098,기타김가공,ROH1,,김,김가공,기타김가공,,GIOT9990,0.06015476869399838,8,NEW,2026-03-11T17:22:10.445267,,
jkg5098,파래자반,ROH1,,수산물,해조류,파래,,SSSW0060,0.06346953891768703,2,NEW,2026-03-11T17:22:55.781727,,
jkg5098,돌김자반,ROH1,,김,자반,돌김자반,,GIJB0020,0.045767840089110966,6,NEW,2026-03-11T17:23:10.281289,,
jkg5098,재래돌김자반,ROH1,,김,자반,재래돌김자반,,GIJB0030,0.04642764604233115,8,NEW,2026-03-11T17:23:21.382269,,
jkg5098,돌김,ROH1,,김,마른김,돌김,,GIDL0010,0.85,1,NEW,2026-03-11T17:23:39.316728,,
jkg5098,재래김,ROH1,,김,마른김,재래김,,GIDL0020,0.85,1,NEW,2026-03-11T17:23:56.227460,,
jkg5098,재래돌김,ROH1,,김,마른김,재래돌김,,GIDL0030,0.022173583674861424,21,NEW,2026-03-11T17:24:16.472878,,
jkg5098,편김,ROH1,,김,마른김,편김,,GIDL0050,0.85,1,NEW,2026-03-11T17:25:21.694519,,
jkg5098,보존제,ROH1,,첨가물,안정화제,보존제,,FASB0010,0.85,1,NEW,2026-03-11T17:25:36.253020,,
jkg5098,산화방지제,ROH1,,첨가물,안정화제,산화방지제,,FASB0020,0.85,1,NEW,2026-03-11T17:25:47.724956,,
jkg5098,산도조절제,ROH1,,첨가물,안정화제,산도조절제,,FASB0030,0.85,1,NEW,2026-03-11T17:25:57.171621,,
jkg5098,항균제,ROH1,,첨가물,안정화제,항균제,,FASB0040,0.85,1,NEW,2026-03-11T17:26:30.910999,,
jkg5098,기타안정화제,ROH1,,첨가물,안정화제,기타안정화제,,FASB9990,0.06607932069458101,12,NEW,2026-03-11T17:26:45.817370,,
jkg5098,기타식품첨가물,ROH1,,첨가물,기타첨가물,기타식품첨가물,,FAOT9990,0.3277752596848459,1,NEW,2026-03-11T17:26:59.757371,,
jkg5098,비타민,ROH1,,첨가물,영양강화제,비타민,,FANE0010,0.85,1,NEW,2026-03-11T17:27:13.475268,,
jkg5098,콜라겐,ROH1,,첨가물,영양강화제,콜라겐,,FANE0020,0.85,1,NEW,2026-03-11T17:27:24.010764,,
jkg5098,기타영양강화제,ROH1,,첨가물,영양강화제,기타영양강화제,,FANE9990,0.3503181909790667,1,NEW,2026-03-11T17:27:53.661016,,
jkg5098,염지제,ROH1,,첨가물,개선제,염지제,,FAIM0010,0.85,1,NEW,2026-03-11T17:28:03.911513,,
jkg5098,개량제,ROH1,,첨가물,개선제,개량제,,FAIM0020,0.85,1,NEW,2026-03-11T17:28:21.278864,,
jkg5098,유화제,ROH1,,첨가물,개선제,유화제,,FAIM0030,0.85,1,NEW,2026-03-11T17:28:34.898258,,
jkg5098,증점제&결착제,ROH1,,첨가물,개선제,증점제&결착제,,FAIM0040,0.85,1,NEW,2026-03-11T17:28:46.849007,,
jkg5098,팽창제&효모,ROH1,,첨가물,개선제,팽창제&효모,,FAIM0050,0.85,1,NEW,2026-03-11T17:29:24.167632,,
jkg5098,겔 형성제,ROH1,,첨가물,개선제,겔 형성제,,FAIM0060,0.85,1,NEW,2026-03-11T17:30:24.306696,,
jkg5098,생물학적 발효,ROH1,,첨가물,개선제,생물학적 발효,,FAIM0070,0.85,1,NEW,2026-03-11T17:30:34.328978,,
jkg5098,베이킹파우더,ROH1,,첨가물,개선제,베이킹파우더,,FAIM0080,0.03902898312618516,5,NEW,2026-03-11T17:30:47.170326,,
jkg5098,응고제,ROH1,,첨가물,개선제,응고제,,FAIM0090,0.85,1,NEW,2026-03-11T17:31:00.721846,,
jkg5098,향미증진제,ROH1,,첨가물,맛&향조정제,향미증진제,,FAFO0020,0.85,1,NEW,2026-03-11T17:36:37.921650,,
jkg5098,향료,ROH1,,첨가물,맛&향조정제,향료,,FAFO0010,0.85,1,NEW,2026-03-11T17:36:53.219261,,
tojiny5,부추,ROH1,,농산물,엽경채류,부추,,AALV0080,0.85,1,NEW,2026-03-12T09:42:13.168949,,
tojiny5,당면,ROH1,,기타가공식품,기타가공식품,당면,,OPOT0010,0.85,1,NEW,2026-03-12T09:42:30.483982,,
tojiny5,캔,ROH2,,금속류,금속캔,알미늄캔,,MECA0020,0.025113451403904242,5,NEW,2026-03-12T12:30:54.679648,,
김혜진,배,ROH1,,농산물,과실류,배,,AAFR0020,0.05634906654339735,1,NEW,2026-03-12T13:57:23.004808,,
chkim328,neorin,ROH1,,가공보조제,기능성 보조제,소포제,nan,PAFA0020,0,0,NEW,2026-03-12T14:35:34.516709,,
chkim328,corn starch,ROH1,,농산가공식품,전분류,전분,nan,APST0010,0,0,NEW,2026-03-12T14:37:04.396632,,
chkim328,ethanol,ROH1,,Basic Chemicals,Solvents,Ethanol,,BCSL0020,0.17610119719141887,1,NEW,2026-03-12T14:37:39.753066,,
chkim328,active carbon,ROH1,,Basic Chemicals,Filtration Aids,Activated Carbon,,BCFT0010,0.0997584659639461,1,NEW,2026-03-12T14:38:08.261061,,
chkim328,carbon,ROH1,,Basic Chemicals,Filtration Aids,Activated Carbon,,BCFT0010,0.043766437311261785,1,NEW,2026-03-12T14:38:30.287777,,
chkim328,potassium hydroxide,ROH1,,Basic Chemicals,Alkalis,Potassium Hydroxide,,BCAL0030,0.7,1,NEW,2026-03-12T15:30:31.693802,,
chkim328,soybean meal,ROH1,,Agri Processed,Soybeans,Soybean Meal,,APBN0060,0.1427533651139058,3,NEW,2026-03-12T15:30:52.642285,,
chkim328,csl,ROH1,,농산가공식품,단백질&아미노산군,옥수수 침지액,nan,FUPA0090,0,0,NEW,2026-03-12T15:32:31.548589,,
chkim328,antiform,ROH1,,Processing Aids,Functional Aids,Antifoam,,PAFA0020,0.034150526433653086,8,NEW,2026-03-12T15:32:53.331943,,
chkim328,cation resin,ROH1,,Basic Chemicals,Ion Exchange Resins,Cation Resin,,BCER0010,0.06032662269154486,1,NEW,2026-03-12T15:33:40.956987,,
chkim328,anion resin,ROH1,,Basic Chemicals,Ion Exchange Resins,Anion Resin,,BCER0020,0.10782166057795213,1,NEW,2026-03-12T15:34:01.264756,,
chkim328,biotine,ROH1,,Functional Ingredients,Vitamins,Biotin,,FUVI0030,0.10270295365410899,1,NEW,2026-03-12T15:34:19.982053,,
chkim328,biotin,ROH1,,Functional Ingredients,Vitamins,Biotin,,FUVI0030,0.14000128175001603,1,NEW,2026-03-12T15:34:28.365793,,
chkim328,vitamin,ROH1,,Food Additives,Nutrition,Vitamin,,FANE0010,0.22749462125948577,1,NEW,2026-03-12T15:34:41.027565,,
chkim328,SODIUM HYPOCHLORITE,ROH1,,Basic Chemicals,Oxidizers&Reducers,Sodium Hypochlorite,,BCOR0020,0.13734696207199826,1,NEW,2026-03-12T15:35:39.920810,,
chkim328,YEAST liq,ROH1,,Processing Aids,Bio-Based,Yeast (Liq),,PABB0020,0.14200684671224822,1,NEW,2026-03-12T15:36:37.493777,,
chkim328,YEAST sol,ROH1,,Processing Aids,Bio-Based,Yeast (Sol),,PABB0030,0.22545878397184863,2,NEW,2026-03-12T15:36:47.421874,,
tojiny5,지대,ROH2,,종이류,지대,기타 지대,,PASA9990,0.053814291998946474,1,NEW,2026-03-12T16:09:03.306744,,
dlwngh0723,파,ROH1,,농산물,양념채소류,파,,AASV0020,0.012268277976385586,46,NEW,2026-03-12T16:19:54.082885,,
dlwngh0723,양파,ROH1,,농산물,양념채소류,양파,,AASV0050,0.122030238146541,2,NEW,2026-03-12T16:20:01.573053,,
dlwngh0723,부추,ROH1,,농산물,엽경채류,부추,,AALV0080,0.08952043914681979,1,NEW,2026-03-12T16:20:18.456345,,
dlwngh0723,양배추,ROH1,,농산물,엽경채류,양배추,,AALV0130,0.1817974082787157,1,NEW,2026-03-12T16:20:25.129238,,
dlwngh0723,배추,ROH1,,농산물,무&배추류,배추,,AARC0020,0.148877021868925,1,NEW,2026-03-12T16:20:30.884244,,
dlwngh0723,김치,ROH1,,농산가공식품,김치,원료김치,,APKI0010,0.04325600866361038,8,NEW,2026-03-12T16:20:54.009300,,
dlwngh0723,무말랭이,ROH1,,,,,,,0,0,PROPOSED,2026-03-12T16:31:36.165573,,농산가공식품>건채류>무말랭이
dlwngh0723,감자,ROH1,,농산물,뿌리채소류,감자,,AARV0010,0.198007753939049,1,NEW,2026-03-12T16:33:31.394049,,
김혜진,팽이버섯,ROH1,,농산물,버섯류,팽이버섯,,AAMU0100,0.110440546321422,6,NEW,2026-03-12T16:34:00.080320,,
dlwngh0723,당면,ROH1,,기타가공식품,기타가공식품,당면,,OPOT0010,0.02883937109259658,2,NEW,2026-03-12T16:34:14.593550,,
dlwngh0723,팽이버섯,ROH1,,농산물,버섯류,팽이버섯,,AAMU0100,0.110440546321422,6,NEW,2026-03-12T16:34:29.566099,,
dlwngh0723,표고버섯,ROH1,,농산물,버섯류,표고버섯,,AAMU0070,0.4445535433034145,1,NEW,2026-03-12T16:34:36.701159,,
dlwngh0723,목이버섯,ROH1,,농산물,버섯류,목이버섯,,AAMU0030,0.03329920769190561,14,NEW,2026-03-12T16:34:49.494413,,
dlwngh0723,능이버섯,ROH1,,농산물,버섯류,능이버섯,,AAMU0020,0.11518987870182013,8,NEW,2026-03-12T16:35:00.412935,,
dlwngh0723,느타리버섯,ROH1,,농산물,버섯류,느타리버섯,,AAMU0010,0.11348446181852027,1,NEW,2026-03-12T16:35:08.356826,,
dlwngh0723,버섯엑기스,ROH1,,농산가공식품,임산가공,버섯엑기스,,APFI0010,0.42368968888894726,1,NEW,2026-03-12T16:35:22.556527,,
dlwngh0723,밀가루,ROH1,,농산가공식품,곡물가공,밀가루,,APGR0060,0.2989803612510188,1,NEW,2026-03-12T16:35:34.802906,,
dlwngh0723,찹쌀가루,ROH1,,농산가공식품,곡물가공,찹쌀가루,,APGR0130,0.11000574800008099,2,NEW,2026-03-12T16:35:44.785489,,
dlwngh0723,보리가루,ROH1,,농산가공식품,곡물가공,보리가루,,APGR0100,0.12905689753581961,1,NEW,2026-03-12T16:35:54.197087,,
dlwngh0723,타피오카변성전분,ROH1,,농산가공식품,전분류,타피오카변성전분,,APST0040,0.053297176221901055,2,NEW,2026-03-12T16:36:17.585152,,
dlwngh0723,대파페이스트,ROH1,,농산가공식품,양념채소가공,대파페이스트,,APSV0090,0.08624105411581404,2,NEW,2026-03-12T16:36:27.098753,,
dlwngh0723,생강페이스트,ROH1,,농산가공식품,양념채소가공,생강페이스트,,APSV0120,0.6377347066899056,1,NEW,2026-03-12T16:36:37.170065,,
dlwngh0723,나무(꼬지/칩),ROH2,,기타포장재,기타 포장재,나무(꼬지/칩),,OTOT0080,0.024977473071781175,3,NEW,2026-03-12T16:36:55.071828,,
dlwngh0723,쇼핑백,ROH2,,종이류,가공백,쇼핑백,,PAPB0010,0.21373361640878233,1,NEW,2026-03-12T16:37:03.675939,,
dlwngh0723,파렛트패드,ROH2,,종이류,기타 종이류,파렛트패드,,PAOT0020,0.36815569908744555,1,NEW,2026-03-12T16:37:14.671799,,
dlwngh0723,일반박스(RSC),ROH2,,종이류,일반박스,일반박스(RSC),,PABX0010,0.49263983191792843,3,NEW,2026-03-12T16:37:24.771886,,
dlwngh0723,박스패드,ROH2,,종이류,박스부속,박스패드,,PABI0020,0.2828694942573697,2,NEW,2026-03-12T16:37:35.653648,,
dlwngh0723,미싱지대,ROH2,,종이류,지대,미싱지대,,PASA0010,0.1661286953331043,1,NEW,2026-03-12T16:37:43.393683,,
dlwngh0723,이지오픈지대,ROH2,,종이류,지대,이지오픈지대,,PASA0030,0.14226720172081314,1,NEW,2026-03-12T16:37:53.253403,,
dlwngh0723,롤필름,ROH2,,플라스틱류,복합필름,롤필름,,PLMF0030,0.04477884101371094,3,NEW,2026-03-12T16:38:08.285232,,
dlwngh0723,리드필름-일반,ROH2,,플라스틱류,복합필름,리드필름-일반,,PLMF0050,0.11146648110463833,1,NEW,2026-03-12T16:38:18.987297,,
dlwngh0723,압출평판롤,ROH2,,플라스틱류,압출필름,압출평판롤,,PLEF0010,0.04146974415121245,1,NEW,2026-03-12T16:38:44.849014,,
dlwngh0723,압출블로우용기(PE),ROH2,,플라스틱류,용기,압출블로우용기(PE),,PLCO0030,0.2637751525716088,2,NEW,2026-03-12T16:38:53.466046,,
tojiny5,유리병,ROH2,,유리류,병,유리용기,,GLBO0010,0.3607913436998131,1,NEW,2026-03-13T15:50:20.721099,,
tojiny5,복합필름,ROH2,,플라스틱류,복합필름,기타 복합필름,,PLMF9990,0.174938815475616,2,NEW,2026-03-13T15:50:48.715498,,
tojiny5,유리병,ROH2,,유리류,병,유리용기,,GLBO0010,0.3607913436998131,1,NEW,2026-03-13T15:51:05.467875,,
tojiny5,리드필름,ROH2,,플라스틱류,복합필름,리드필름-일반,,PLMF0050,0.13147363894511296,1,NEW,2026-03-13T15:51:28.210696,,
tojiny5,트레이,ROH2,,플라스틱류,기타 플라스틱류,기타 트레이,,PLOT0010,0.060067073187497884,2,NEW,2026-03-13T16:29:07.373480,,
tojiny5,박스간지,ROH2,,종이류,박스부속,박스간지,,PABI0010,0.19785154643221306,2,NEW,2026-03-13T16:31:33.484570,,
dkwoo,스팸캔,ROH2,,금속류,금속캔,스팸캔,nan,MECA0030,0,0,NEW,2026-03-16T08:32:37.052176,,
dkwoo,리드필름,ROH2,,플라스틱류,복합필름,리드필름-일반,,PLMF0050,0.13147363894511296,1,NEW,2026-03-16T08:32:59.030914,,
dkwoo,햇반리드필름,ROH2,,플라스틱류,복합필름,리드필름-햇반,,PLMF0060,0.07771126676434635,1,NEW,2026-03-16T08:33:09.429650,,
dkwoo,양파,ROH1,,농산물,양념채소류,양파,,AASV0050,0.122030238146541,3,NEW,2026-03-16T08:33:24.158208,,
dkwoo,대파,ROH1,,농산물,양념채소류,대파,,AASV0010,0.1236633436052906,1,NEW,2026-03-16T08:33:32.707663,,
dkwoo,홍고추,ROH1,,농산물,고추류,홍고추,,AACV0060,0.2065914801721818,1,NEW,2026-03-16T08:33:43.396854,,
dkwoo,감자채,ROH1,,농산물,뿌리채소류,감자,,AARV0010,0.3639533785878115,1,NEW,2026-03-16T08:40:28.739639,,
dkwoo,스티커,ROH2,,플라스틱류,라벨,스티커,,PLLB0030,0.18814321625520153,1,NEW,2026-03-16T08:41:08.076892,,
dkwoo,후추,ROH1,,조미식품,향신료,후추,,CDSP0010,0.03175960050733444,1,NEW,2026-03-16T08:41:31.864817,,
dkwoo,새우분말,ROH1,,수산가공식품,갑각류가공,새우가공,,SPCS0020,0.04285852553488141,4,NEW,2026-03-16T08:41:49.571686,,
dkwoo,고구마줄기,ROH1,,농산물,기타농산물,나물류,nan,AAOT0010,0,0,NEW,2026-03-16T08:42:30.462430,,
dkwoo,팽이버섯,ROH1,,농산물,버섯류,팽이버섯,,AAMU0100,0.110440546321422,6,NEW,2026-03-16T08:43:04.770814,,
dkwoo,목이버섯,ROH1,,농산물,버섯류,목이버섯,,AAMU0030,0.03329920769190561,14,NEW,2026-03-16T08:43:21.494796,,
dkwoo,목이버섯,ROH1,,농산물,버섯류,목이버섯,,AAMU0030,0.03329920769190561,14,NEW,2026-03-16T08:43:29.780461,,
dkwoo,표고버섯,ROH1,,농산물,버섯류,표고버섯,,AAMU0070,0.4445535433034145,1,NEW,2026-03-16T08:43:38.388677,,
dkwoo,느타리버섯,ROH1,,농산물,버섯류,느타리버섯,,AAMU0010,0.11348446181852027,1,NEW,2026-03-16T08:43:48.030952,,
dkwoo,새송이버섯,ROH1,,농산물,버섯류,새송이버섯,,AAMU0040,0.09178194086397791,1,NEW,2026-03-16T08:43:56.216415,,
dkwoo,양송이버섯,ROH1,,농산물,버섯류,양송이버섯,,AAMU0060,0.12328624986471534,1,NEW,2026-03-16T08:44:04.381374,,
dkwoo,팽이버섯,ROH1,,농산물,버섯류,팽이버섯,,AAMU0100,0.110440546321422,6,NEW,2026-03-16T08:44:14.276485,,
dkwoo,능이버섯,ROH1,,농산물,버섯류,능이버섯,,AAMU0020,0.11518987870182013,8,NEW,2026-03-16T08:44:25.138278,,
dkwoo,버섯엑기스,ROH1,,농산가공식품,임산가공,버섯엑기스,,APFI0010,0.43368968888894727,1,NEW,2026-03-16T08:44:35.660958,,
tojiny5,파인애플,ROH1,,농산물,과실류,파인애플,,AAFR0300,0.08073828824805461,1,NEW,2026-03-16T09:43:01.139059,,
tojiny5,양파,ROH1,,농산물,양념채소류,양파,,AASV0050,0.122030238146541,3,NEW,2026-03-16T09:43:12.856747,,
tojiny5,대파,ROH1,,농산물,양념채소류,대파,,AASV0010,0.1236633436052906,1,NEW,2026-03-16T09:43:23.580071,,
tojiny5,쪽파,ROH1,,농산물,양념채소류,쪽파,,AASV0060,0.020954592042364495,5,NEW,2026-03-16T09:43:35.294582,,
tojiny5,부추,ROH1,,농산물,엽경채류,부추,,AALV0080,0.09952043914681978,1,NEW,2026-03-16T09:43:54.666698,,
tojiny5,고구마,ROH1,,농산물,뿌리채소류,고구마,,AARV0030,0.15378547582618207,1,NEW,2026-03-16T09:44:07.599573,,
tojiny5,감자,ROH1,,농산물,뿌리채소류,감자,,AARV0010,0.20800775393904902,1,NEW,2026-03-16T09:44:18.374926,,
tojiny5,오렌지,ROH1,,농산물,과실류,오렌지,,AAFR0280,0.12155728426374336,1,NEW,2026-03-16T09:44:33.826212,,
